differen_0,differen_1,differen_2,differen_3,differen_4,differen_5,differen_6,differen_7,differen_8,differen_9,differen_10,differen_11,differen_12,differen_13,differen_14,differen_15,differen_16,differen_17,differen_18,differen_19,differen_20,differen_21,differen_22,differen_23,ct2010
0.059076011,0.115699874,0.747652582,0.328618421,0.3,-0.015384615,0.12183908,0.227745665,0.129422298,-0.050493379,-0.082437276,-0.182244898,-0.022286153,-0.094710744,0.03055259,-0.031410314,-0.145590753,0.005791554,-0.063233377,0.02974897,-0.070705816,0.041354413,0.053193259,0.185357473,9800
0.047057905,0.092370744,0.25528169,0.128618421,0.181818182,-0.030769231,-0.016091954,-0.077626658,-0.272065468,-0.438495775,-0.23297491,-0.107346939,0.082604526,0.123719008,-0.154084693,-0.01797018,-0.138777309,0.081963085,0.143497392,0.219003372,0.101321287,0.169643774,0.216903204,0.130408352,10000
-0.028952708,0.29035309,0.416079812,0.134868421,0,0.138461538,0.014942529,-0.415538932,-0.557678147,-0.722167199,-0.170378904,0.235306122,0.229727656,0.129504132,-0.063799502,-0.160141601,-0.173522483,-0.013320575,0.045632334,0.152716373,0.068752117,0.071655887,0.047843442,0.010360777,10200
-0.008948546,0.415720891,0.346830986,0.169736842,0.090909091,0.246153846,-0.070114943,-0.716048963,-0.411905479,-0.505759143,-0.126856119,0.282653061,0.005466053,-0.031033058,-0.057343297,-0.066090661,-0.111811664,-5.04E-05,0.069670795,0.220876733,0.037221909,0.063597167,-0.069270429,-0.098982424,10400
0.087430415,0.127154266,0.396126761,0.30625,0.081818182,0.2,0.9,0.506698402,0.253397262,-0.077497768,0.070532514,0.237959184,0.126448025,-0.018099174,-0.111585583,-0.115231152,0.002338943,-0.008536248,-0.068774446,0.219333084,0.085341615,0.03617014,-0.083296374,-0.010757235,11300
0.129805941,0.025535939,0.11971831,0.05,0.027272727,0.076923077,0.126436782,0.300068004,0.044582789,-0.029297042,0.014208909,0.072857143,0.012428078,-0.123016529,-0.032331859,0.001920019,-0.156438026,0.060987586,0.036831812,0.098793556,0.08606437,0.007665195,0.197804635,0.147561781,11402
0.107122418,0.046237915,0.021713615,0.00625,-0.081818182,-0.153846154,0.103448276,0.033458007,0.018944338,-0.084057812,-0.010240655,0.122653061,0.006616801,-0.18785124,-0.014081643,0.049635496,-0.155743123,0.023342482,-0.062337027,0.086264519,0.118848108,0.211511481,0.110987914,0.322743491,13000
0.178398627,0.155212274,0.161971831,0.0375,0.054545455,0.030769231,0.114942529,0.049472968,0.05979516,-0.029003583,0.00140809,0.052857143,0.013751438,0.051818182,-0.008438819,0.062400624,0.013999763,0.068466245,0.080589961,0.161273885,0.161682665,0.289994183,0.514857523,0.466261398,14000
0.086311846,0.041298865,0.014084507,0.00625,0.009090909,0,-0.031034483,0.092485549,0.020383573,-0.000813127,0.027009729,0.059591837,0.027291906,0.034545455,0.02104621,0.038145381,0.003949086,0.074333342,0.05720339,0.052499063,0.05959345,0.105858399,0.14258787,0.191806528,14801
0.027652047,0.006410256,0.014084507,0.01875,0.009090909,0.015384615,0.022988506,0.034478069,0.015806473,0.007807246,0.01062468,0.004489796,0.01039509,0.005867769,0.003406029,0.000750008,-0.005779563,0.008586609,0.010756193,0.009696516,0.014952005,-0.007870513,-0.002051225,0.037399234,18400
0.015503876,0.002837327,0.021126761,0.0125,0,0,0,0.017239034,0.005254878,-0.006437768,0.007936508,-0.000612245,0.009743,0.001735537,0.016064257,0,-0.001084727,0.008586609,0.009615385,0.008032971,0.01297572,0.005218492,0.053913959,0.022624554,19000
-0.010067114,0,0,0,0,0,0,0.005780347,0.007246377,-0.001442843,-0.004608295,-0.002857143,-0.004219409,0.005,0.008032129,0,0,0.003802281,0.009615385,0.01910828,0.003738001,0,-0.007456481,-0.006079027,20600
-0.003355705,0,0,0,0.009090909,0,0,0,0,0,0,-0.002857143,0,0,0,0,0,0,0,0,0,0,-0.003215434,0,24900
-0.003355705,0,0,0,0,0.015384615,0,0,0,0,0,0,0,0,0,0,0,0,0,0,-0.001976285,0,0,-0.003039514,26100
0.001040529,-0.00357293,0,0.00625,0,0.015384615,0.011494253,0.005780347,0.003623188,0.00070308,-0.000640041,0,0,0,0,0,-0.004694836,0,0.004807692,0.008032971,0.011428571,0.003918147,0.004379643,-0.006079027,26300
0,0,0,0,0,-0.2,0,0,0,0,0,0,0,0,0,0,0,0,0,0,0,0,0,-0.003039514,26700
0,0,-0.041666667,0,0,0,0,0,0,-0.002145923,0,-0.002857143,0,0,0,0,0,0,0,0,0,0,0,-0.003039514,26900
0,0,0,0,0,0,0,0,0,0,0,0,0,0,0,0,0,0,0,0,-0.001976285,0,0,0,27700
0.007725925,0.292559899,0.395539906,0.060855263,0.127272727,-0.169230769,-0.085057471,-0.348588915,0.018417177,0.076745778,0.014080901,0.165918367,0.002013809,0.060123967,-0.07727111,-0.068370684,-0.052812664,-0.037619923,-0.046039765,0.108130386,-0.097131564,-0.082657496,-0.020096463,0.028095679,12500
0.025987201,0.452711223,0.608568075,0.303618421,-0.081818182,0.092307692,0.04137931,0.095715743,0.131857282,0.050475038,0.042114695,0.166326531,0.03649789,0.038512397,-0.149661939,-0.126856269,-0.102710124,-0.008788054,-0.079123207,-0.261970776,-0.170717109,0.000838381,0.045459585,0.053997621,11900
0.007517819,-0.00357293,0.028169014,0.0125,-0.1,0.015384615,0.034482759,0.023121387,0.032608696,0.01994302,0.021505376,0.032857143,0,-0.002396694,-0.004219409,0.004065041,0.003610108,-0.009442752,0.004807692,0.01910828,0.013190288,0.018290388,-0.006430868,0.002616625,22500
0,-0.016393443,0,0,0,0,0,0,0,0,0,0,0,0,0,0,0,0,0,0,0,0,0,0,29300
0.037797201,0.246952501,-0.161971831,0.2125,-0.027272727,-0.153846154,-0.242528736,0.011356681,0.000635941,-0.014355062,-0.002048131,0.02122449,0.044495589,0.037809917,-0.010065579,-0.009885099,0.022728428,0.006874323,0.02892764,0.015991008,-0.005793337,0.067652192,0.092111099,0.181155015,3001
0.026689558,0.078079025,0.369131455,0.058223684,0.181818182,-0.292307692,-0.127586207,-0.180346821,-0.221642066,-0.281996258,-0.178955453,0.027346939,-0.022247794,-0.03,-0.197905546,-0.079455795,-0.078846121,0.010953592,0.020779009,0.10955414,0.134105025,-0.166615337,0.218760395,-0.026800581,5600
0.004734405,0.027742749,0.022300469,-0.002631579,-0.036363636,0.107692308,0,-0.006086365,0.002627439,0.008510326,0.020225294,0.045306122,0.010721135,0.003471074,-0.025723146,-0.043155432,-0.000728801,0.000982046,-0.001385267,-0.01521169,-0.018644833,-0.030147487,-0.030712939,0.076146425,1600
0.265282764,0.16162253,0.078051643,0.03125,0.036363636,0.092307692,0.24137931,0.32733764,0.277822405,0.090471125,0.154505888,0.00877551,0.051745301,0.112644628,0.034721163,0.020490205,-0.036219725,0.071790094,-0.13184485,0.042367928,0.052512705,0.019282757,0.210472336,0.26110744,12000
0.275583997,0.170870113,0.126760563,-0.015131579,0.081818182,-0.169230769,0.137931034,0.119857191,0.121431201,-0.024858467,-0.085893497,0.065918367,-0.102454929,-0.063512397,0.051141274,0.0599556,-0.135167201,-0.009518294,-0.067633638,0.239250656,0.017583286,0.046726893,0.269514359,0.482463328,12800
-0.061391187,-0.26345103,0.230046948,0.242105263,-0.172727273,0.107692308,0.485057471,0.675382523,0.549285403,0.149817199,0.111495136,0.177142857,-0.014192558,0.024008264,-0.147374307,-0.075255753,-0.121811495,-0.091456198,-0.121088657,-0.159700262,-0.036713721,-0.195582247,-0.0823262,0.070781023,12100
0.010873524,0.002837327,0,0,0,0.015384615,0.022988506,0.034376063,0.014132945,-0.023012117,-0.00499232,-0.011020408,0.050997315,0.048429752,0.051751309,-0.023835238,-0.002915205,0.00601818,0.05410691,0.06454852,0.034545455,0.053570818,0.035785564,0.108735298,15001
-0.014931585,-0.027112232,0.014084507,-0.033881579,0,0.046153846,0.045977011,0.069364162,0.062230144,0.034854432,0.023297491,0.029387755,-0.009397775,-0.066570248,-0.052666362,-0.112516125,-0.114489585,-0.077506106,-0.126222295,-0.042472836,-0.060790514,-0.074615885,-0.066082714,-0.009885027,10601
0.016544405,0.006410256,0.007042254,0,0,0,0,0.005678341,0.003623188,-0.001442843,0.001664107,0.002244898,0,0.000867769,0,0.004065041,0,0,-0.004237288,0.012738854,-0.001976285,-0.007853403,0.025862069,0.00523325,22600
0.013292753,0.020596889,-0.019366197,-0.027631579,-0.127272727,0.061538462,0.011494253,-0.000510031,-0.004660776,-0.028856853,-0.042882744,0.038571429,0.014978903,0.187107438,0.003711047,0.028635286,-0.031846918,0.027497293,0.128829857,0.218553765,0.116182947,0.110922903,0.150321543,0.041020219,5501
-0.005670881,0.006410256,0.007042254,0.0125,0,0,0.045977011,0.01734104,0.026676038,0.004255163,0.00499232,0.002244898,0.009090909,-0.008264463,-0.000203345,-0.003315033,0.010830325,0.007604563,0,0.001663544,-0.009881423,0.003901037,0.027026278,-0.000422889,20800
0.296290516,0.121689786,0.225352113,0.08125,0.1,0.076923077,0.195402299,0.184359062,0.041126954,-0.010246628,0.031746032,0.048163265,-0.042462601,0.057768595,0.009353871,-0.009765098,-0.039406112,0.022461159,0.013445241,0.06252529,0.106301525,0.197156349,0.313643419,0.354142989,13400
0.064278654,0.167717528,0.492957746,0.2625,-0.081818182,0.030769231,-0.301149425,0.088371302,0.304849885,0.287553648,0.373271889,0.297142857,0.057326429,0.094049587,-0.267500381,-0.126676267,-0.207826986,-0.104424244,-0.169410039,0.009231922,-0.0040655,-0.148393389,-0.017269099,-0.115792256,9200
0.085843609,0.131042455,0.056924883,-0.008881579,0.018181818,0.030769231,0.011494253,-0.007208433,-0.045444656,-0.14151474,-0.032386073,0.139183673,-0.087533563,-0.197603306,-0.083371461,0.081345813,-0.019965763,0.082693325,-0.009370926,0.111532409,0.064968944,0.019453855,0.078279188,0.030130831,11401
0,0,0,0,0,0,0,0,0,0,0,0,0,0,0,0,0,0,0,0,0,0,0,0,100
0.220149836,0.467738546,0.368544601,0.153618421,-0.254545455,0.276923077,-0.004597701,-0.274974498,-0.149303812,-0.147133267,-0.138376856,0.168367347,0.191004987,-0.012561983,-0.012048193,-0.096705967,0.009287978,0.042102082,0.11970339,0.107605845,-0.012704687,0.079440851,0.124404036,0.111246201,13100
-0.032568545,0.091530055,0.481807512,0.151973684,-0.309090909,0,-0.050574713,0.01683101,0.00684473,0.032488414,0.034306196,0.061428571,-0.001246644,0.133636364,0.041482385,-0.001635016,-0.026779207,0.037796188,-0.025423729,0.000944174,0.07038961,-0.136604729,-0.077891119,0.041918858,6500
0.039800219,0.032051282,0.014084507,0,0.018181818,0,0,0.040156409,0.010149948,-0.031559126,-0.012416795,0.002653061,0.051630226,-0.007190083,0.007015403,0.018135181,0.025626684,0.03900486,0.084012386,0.124630948,0.121547149,0.05880642,0.126094911,0.109581076,19800
0.028692576,0.012820513,0,0,0,0,0.022988506,0.011560694,0.018115942,0.00281232,0.009600614,-0.011428571,0.014288454,-0.008264463,-0.000203345,0.008880089,0.010830325,0.003802281,-0.012711864,0.043207194,0.030333145,0.018290388,0.018405588,0.03435972,20000
0.436865928,0.10592686,0.113849765,0.041118421,-0.081818182,0.107692308,-0.096551724,0.07817069,0.090964622,-0.269084039,-0.413850486,0.06122449,0.273245109,0.30107438,-0.139545524,0.189526895,0.12262504,0.070707325,0.10666558,0.257999251,0.251959345,0.263679294,0.487775807,0.386388265,14900
-0.001274648,-0.016393443,-0.02758216,0,0,0.015384615,0,0,-0.002309469,-0.002145923,-0.002304147,0.010204082,-0.004219409,0,-0.000203345,0.004065041,0.003610108,0.003802281,-0.008474576,0.003327089,-0.005928854,0.030061938,0.005405256,0.037399234,22700
-0.013422819,-0.009983186,0,0,0,0,0.022988506,0.011560694,0.004936908,0.003552083,-0.004608295,-0.005714286,0.018181818,0.000867769,0.008032129,0.000375004,-0.00686429,0,0.011897001,0.012049457,0.003523433,-0.001317455,0.002189821,0.016968415,17402
0.012148171,-0.026376629,0,0,0,0,0.011494253,0.01734104,0.003623188,0.002849003,-0.002304147,0,0,0.01,-0.004422754,0.004065041,-0.004694836,0.003802281,0.000570404,-0.004705882,0.014952005,-0.005235602,0.00862069,0.002616625,21500
-0.218849175,-0.244640605,0.037558685,0.000986842,-0.054545455,-0.523076923,0.302298851,0.088405304,0.169913311,-0.181321301,-0.226318484,-0.114081633,-0.108975834,-0.153016529,-0.30933862,-0.167941679,-0.242758597,-0.099186664,-0.098191004,-0.04611465,-0.041061547,-0.173099956,-0.148020845,-0.239302233,8800
-0.149523958,0.206389239,0.052230047,0.11875,0.090909091,0.169230769,0.083908046,0.119143149,0.124887037,-0.044832056,-0.045826933,0.011428571,-0.098273878,-0.079049587,-0.100604951,-0.082065821,-0.127540211,0.031299574,0.033409387,-0.027860622,-0.009700734,-0.089296102,-0.134826477,-0.070860315,9000
0.216924197,0.058322825,0.008215962,-0.008881579,0.009090909,0.046153846,0.022988506,0.028187691,0.055937678,0.038259785,0.117127496,0.135918367,0.071768316,0.06214876,0.054394794,0.061410614,-0.003271131,0.044771234,-0.015482399,-0.015616336,0.043997741,0.065222599,0.148408915,0.146716004,1501
-0.045939337,-0.07271963,0.021126761,0,0.009090909,0.015384615,0.034482759,0.011050663,-0.002033337,-0.057310199,-0.07859703,-0.049387755,-0.024012275,-0.048512397,0.001982614,-0.112516125,-0.022762326,-0.037645104,0.021512386,0.000569502,0.013664596,-0.034048523,-0.038585209,-0.004731069,8602
-0.035065813,-0.031420765,-0.083333333,0.01875,0.018181818,0.015384615,0.011494253,-0.005882353,0.004936908,0.003552083,0.003328213,-0.000612245,-0.020771001,-0.011528926,-0.025316456,-0.014385144,-0.009389671,-0.002820235,-0.006763364,-0.00206819,0.0143083,-0.013140335,-0.010256126,-0.068137967,1402
-0.277274856,-0.410781841,0.087441315,0.14375,-0.209090909,0.169230769,0.006896552,0.194185651,0.177770526,0.048842669,0.045442908,0.038163265,-0.067798236,-0.021818182,-0.145544202,-0.031530315,-0.061439637,-0.045728099,-0.128340939,-0.02705133,-0.096013552,-0.199226637,-0.093635658,-0.191515792,7000
-0.032516518,0,0,-0.105263158,0,0,-0.1,-0.017647059,0,-0.002145923,-0.002304147,-0.000612245,0,0.000867769,-0.008438819,-0.014760148,-0.014084507,-0.013245033,-0.016949153,-0.007058824,0.00528515,-0.013106115,-0.029964519,-0.03343465,1200
-0.002315176,0.019230769,0.021126761,0.0125,0,-0.2,0,0.01734104,0.002627439,0.003552083,0.001664107,-0.005714286,0.000326045,0.000867769,0.003812719,-0.007380074,0,0.007604563,0.004807692,0.010385912,0,0.006535948,0.03667258,0.017391304,22400
-0.105093387,-0.206809584,0.113849765,-0.036513158,-0.027272727,0.076923077,0.195402299,0.119959198,0.160650333,0.037782913,0.034306196,-0.025306122,-0.015841964,-0.010330579,-0.118448477,-0.080250803,-0.140895917,0.071160577,-0.07154498,-0.016380667,-0.194274421,-0.114156657,-0.316193591,-0.10598652,7200
-0.047812289,0.010508617,0.058685446,0.034868421,0.054545455,-0.061538462,-0.096551724,0.154641278,0.112469458,-0.004432462,-0.016897081,0.143061224,0.030935942,0.102520661,-0.088150069,0.031440314,-0.028609685,0.059149397,0.023712516,0.103664294,0.062823264,0.041525511,-0.010311564,-0.071362495,7400
-0.093283388,-0.058638083,0.149647887,0.241118421,-0.4,0.184615385,0.540229885,0.704386263,0.394166081,-0.000550237,0.154121864,0.202040816,0.072458765,0.040123967,-0.056936607,-0.059115591,-0.136929883,-0.070254073,-0.00904498,0.045365305,0.003229814,-0.046059611,-0.125595964,-0.076595745,11500
-0.046641694,-0.034993695,0.036384977,0.016118421,0.118181818,0.138461538,0.08045977,0.068854131,0.066849081,-0.011689471,-0.015232975,0.010816327,-0.075604143,-0.045702479,-0.093081186,-0.062295623,-0.033965526,-0.00637071,-0.080752934,-0.05521169,-0.05486166,-0.08773911,-0.124099124,-0.046359191,10602
-0.028952708,0.036149643,0.148474178,0.13125,-0.172727273,0.261538462,0.275862069,0.363651819,0.311828497,0.146375164,0.079877112,0.136122449,0.060126582,0.06338843,-0.025468964,0.011370114,-0.024253826,0.082441518,0.055981095,0.079970026,-0.006606437,0.016699175,0.017740326,0.16992203,11000
0.078091671,0.08259773,0.056338028,0.03125,0.009090909,0.076923077,-0.165517241,-0.177388643,-0.05188774,-0.136079625,-0.164106503,-0.08,-0.161929421,-0.107479339,-0.056123227,-0.05298053,-0.098981373,-0.014579609,-0.070567145,0.014162608,0.011044608,0.060055436,-0.02954873,0.030976609,11600
0.059700328,0.041298865,0.035211268,0.00625,0.018181818,0,-0.054022989,-0.023937436,-0.051527931,-0.059419439,-0.046082949,-0.017959184,-0.045761412,-0.000454545,-0.005642824,0.005190052,-0.002186404,-0.008460706,0.069018905,0.09112027,0.021784303,0.050953016,0.104612485,0.074798467,19600
-0.123952968,0.073139975,0.044014085,0.097368421,-0.1,0.153846154,0.06091954,-0.169194152,0.001045955,-0.164001076,-0.096646185,0.124897959,-0.027406981,-0.109793388,-0.030044228,-0.032055321,-0.111743869,-0.144058621,-0.02982399,-0.070453353,-0.049779785,0.030917428,0.001053332,-0.107255187,8200
-0.13805213,-0.109815048,0.042253521,0.00625,0,0.061538462,0.137931034,0.1149949,0.151454296,0.0182434,-0.009856631,0.021428571,-0.066187188,-0.10268595,-0.159575009,-0.10101101,-0.130387621,-0.119935537,-0.180981095,-0.1181716,-0.086007905,-0.167607706,-0.207561814,-0.17232721,8603
0.163232922,0.048339639,0.063967136,0.03125,-0.136363636,0.076923077,-0.016091954,0.030703842,-0.001372293,-0.123051245,-0.068996416,-0.116734694,-0.05088224,-0.031033058,-0.102638402,-0.05899559,-0.11815054,-0.035781734,-0.022571708,0.145327838,0.116182947,-0.086575642,0.089505488,0.125941588,12400
0.061521253,0.042664985,0.091549296,0.0375,0.109090909,0.061538462,0.118390805,0.18983339,0.014961342,-0.038253671,0.007936508,0.000204082,-0.103183736,-0.025289256,-0.074017589,-0.043605436,-0.050253386,-0.034195352,-0.072930248,8.99E-05,0.031157538,-0.023868186,0.002550172,0.063380468,13200
-0.002315176,0.006410256,-0.041666667,0,0,0,0,0,0.003623188,-0.001442843,-0.007552483,-0.002857143,-0.008438819,-0.004132231,-0.004219409,0,0.003610108,0.003802281,0,0.006369427,-0.005928854,0.010454094,0.002189821,0.022624554,25500
0.462072733,0.082492644,0.099765258,0.041118421,0.045454545,0.107692308,0.218390805,0.287895274,0.004451585,-0.102001638,-0.02764977,0.034081633,-0.122919064,0.017024793,-0.011234813,0.103486035,-0.083862985,-0.002291441,-0.00529661,0.218643687,0.154771316,0.251787975,0.659163987,0.612210916,13800
-0.017038656,-0.076502732,0.191314554,0.059868421,-0.072727273,0.153846154,-0.162068966,-0.097279837,-0.105172875,-0.118093002,0.018945212,0.162244898,-0.076486383,-0.003016529,-0.048446952,-0.070380704,0.007101575,-0.03749402,0.089960887,-0.005140502,0.009418408,-0.089244773,-0.080912518,-0.033963262,8400
0.237526664,0.137452711,0.035211268,0.03125,0.009090909,0.046153846,0.08045977,0.021795308,-0.00741373,0.016727193,0.017281106,0.188367347,0.095224396,-0.066239669,0.016064257,0.01599016,-0.125794478,-0.010021907,0.016704694,0.123342076,0.159706381,0.171046778,0.181866061,0.331016255,14200
0,0,0,0,0,0,0,0,0,0,0,0,0,0,0,0,0,0,0,0,0,0,0,0,30900
0.083840591,-0.057166877,0.112676056,0.0625,0.054545455,0.153846154,0.425287356,0.224413465,0.022651203,-0.037403861,0.017281106,-0.031632653,-0.081089375,-0.12731405,-0.042956637,-0.090510905,-0.163675192,-0.050134717,-0.111147327,0.118801049,-0.005443252,0.092341649,0.242432642,0.230950178,13600
0.004162114,-0.026376629,0.000586854,0.00625,0.018181818,0.015384615,0.022988506,0.011356681,0.013814975,-0.010766296,0.003072197,0.003877551,-0.011680092,-0.01392562,0.002999339,0.005565056,-0.007593092,-0.000856143,0.001711213,-0.003731735,-0.008334274,-0.007870513,-0.018128396,-0.012580944,14700
-0.127178607,-0.048549811,0.049882629,0.03125,-0.154545455,-0.184615385,0.206896552,0.144100646,0.061552365,-0.005178338,0.012800819,-0.005510204,-0.092807825,-0.084628099,-0.159371664,-0.128341283,-0.095371265,-0.156724498,-0.15327575,-0.12591982,-0.058554489,-0.112702324,-0.156863289,-0.144469407,15100
0.003121586,0.019230769,0.021126761,0.00625,0.018181818,0.030769231,0.034482759,0.023019381,0.032608696,0.043438123,0.031746032,0.01755102,0.018181818,0.030867769,0.019876976,0.016635166,0.002525381,0,0.019230769,0.014402398,0.01297572,0.036597885,0.009784899,0.040438747,22900
0.033088809,0.012820513,0.014671362,-0.027631579,0,0.015384615,-0.1,0.023019381,0.032608696,0.031339031,0.007936508,0.030612245,0.018181818,0.015867769,0.004016064,-0.003690037,0.007220217,0.003802281,0.024038462,0.020771825,0.018904574,0.026143791,0.002189821,0.014351791,23300
0.007517819,0.009247583,0.028169014,0.00625,0.018181818,0.015384615,0.022988506,0.023121387,0.014492754,0.011396011,-0.005248336,0.020408163,0.009416954,0.015,0.012048193,0.004065041,0.007220217,0.000982046,0.03422425,0.047913076,0.016713721,0.01175444,0.018544184,0.046094886,22000
0.0277561,0.042664985,0.008215962,-0.015131579,0.063636364,0.030769231,-0.065517241,0.109418565,0.004535261,-0.011726153,0.137480799,0.154285714,0.101649405,0.227809917,0.113008998,0.023445234,-0.002203352,0.086722232,0.069670795,0.120899213,0.127950311,0.084847552,0.100648631,-0.033355359,3100
0.031814162,0.014922236,0.007042254,0.0125,0.009090909,0.015384615,0.034482759,0.028595716,-0.001673528,-0.006474451,-0.012160778,0.016938776,0.000978136,-0.01892562,0.015047532,0.001875019,-0.00433891,-0.010298895,0.012467405,0.032131885,-0.002834557,0.050953016,0.062673245,0.051328135,16400
0.042453566,0.043400588,0.056338028,0.0125,-0.109090909,-0.123076923,0.183908046,0.190547433,0.05131874,-0.000813127,-0.020353303,0.017346939,0.009110088,0.034545455,0.034721163,0.048090481,-0.04227047,0.015460932,0.010837679,0.089741476,0.053450028,0.14372241,0.11789001,0.117933131,15802
0.082956142,-0.046343001,0,0,-0.081818182,0,0.045977011,0.034580075,0.015806473,0.012099091,-0.001920123,0.006122449,0.00552359,0.017603306,0.019470286,0.005565056,0.027796139,0.022813688,0.028846154,0.04957662,0.035832863,0.040481812,0.035646968,0.100885424,18000
-0.003589824,0.028478352,0.035211268,0.00625,0.027272727,0.061538462,0.057471264,0.040258416,0.019747632,0.011359329,0.008320533,0.003265306,0.009743,0.025206612,0.003406029,0.005940059,0.024186031,0,0.005378096,0.039190708,0.024404291,0.006518838,0.030241712,0.033936831,18200
-0.049529161,-0.095523329,-0.034624413,0.00625,-0.190909091,-0.184615385,0.068965517,0.005780347,-0.011547344,-0.003588765,0.001664107,-0.006326531,-0.020771001,-0.01892562,-0.00040669,-0.018450185,-0.001084727,-0.00564047,0.001140808,-0.028235294,-0.000858272,-0.027529686,-0.040359242,-0.06205894,2201
-0.041777223,-0.105506515,-0.138497653,0.0125,0.027272727,0.015384615,0.022988506,0.011560694,-0.000995749,0.004958243,0.008960573,0.014081633,0.0048715,-0.006528926,0.003812719,0.01701017,0.001440654,0.008586609,-0.032187093,0.016635444,0.00025974,0.029993498,0.005821044,-0.036394872,2202
0.016544405,0.051282051,0.014084507,0.00625,0.036363636,0.061538462,0.011494253,0.011560694,0.013497004,0.00140616,0.007936508,0.01755102,-0.003567319,0,0.007625438,0.001500015,0.007220217,0.004784328,0.039031943,0.039880105,0.026595144,0.056205728,0.024836456,0.043055372,20901
-0.019483898,0.059583859,0.089201878,-0.004276316,0.218181818,-0.046153846,-0.070114943,0.078374702,0.040875925,-0.152464449,-0.125064004,0.135510204,0.022880706,0.088884298,-0.090691881,-0.094530945,-0.106337181,0.033414751,-0.040743155,0.039535407,0.089599097,-0.059593471,0.048203792,-0.13841681,5800
-0.106472088,-0.131252627,-0.061619718,0.000986842,0.109090909,-0.076923077,0.091954023,-0.012070724,0.011823476,0.007623834,0.027777778,0.108367347,0.020483314,-0.006363636,-0.092674495,-0.009075091,-0.12606566,0.046987133,0.025912647,0.031772199,0.028706945,-0.008075831,0.021426987,-0.055398441,8900
-0.125799906,-0.525430853,-0.142018779,-0.127302632,0.272727273,0.061538462,0.072413793,0.01683101,0.036825987,0.053800912,0.166282642,0.216938776,0.021173763,0.040123967,-0.019571959,0.015750158,0.020525076,0.014982499,0.013852673,-0.021730985,-0.051801242,-0.146904835,-0.123406143,-0.085634994,9300
-0.116305083,-0.14407314,-0.130868545,0.075,-0.272727273,0.092307692,0.026436782,-0.01349881,-0.017923486,-0.037477226,-0.042882744,-0.007346939,-0.040851554,0.035371901,-0.051090438,-0.02596526,0.042168777,-0.074056354,0.058996089,0.043536905,-0.020745342,-0.004140574,-0.034538197,-0.11407427,11100
0.064096561,0.028478352,0.007042254,0.0125,0,0.015384615,0.011494253,0.034682081,0.026676038,0.025641026,0.021505376,0.014693878,0.023379363,0.021735537,0.003406029,0.024390244,0.007220217,0.004784328,0.038461538,0.010385912,0.024618859,0.024826335,0.068965517,0.074798467,22301
0.106784246,-0.008617066,0.078051643,0.05,-0.027272727,0.061538462,0.114942529,0.109622577,0.051360578,0.021275815,0.033794163,0.07122449,0.048388953,0.039545455,0.07849118,0.053280533,0.046558533,0.020119356,0.095909387,0.150393406,0.088853755,0.243061972,0.136157002,0.228782873,19300
-0.181676292,-0.06420765,0.007629108,-0.173026316,0.009090909,0.030769231,0.034482759,-0.012478749,0.005572849,0.025494296,0.037634409,0.034081633,0.032815497,0.024545455,-0.090234355,-0.032775328,-0.081269809,-0.091481379,-0.056958931,-0.09906332,-0.012151327,-0.125808439,-0.213992682,-0.117113784,7500
0.002081057,0,0.007042254,0,0,0.030769231,0.011494253,0,0,0,-0.002304147,0,0,0,-0.004219409,0,0,0,0.004807692,0,-0.001976285,-0.002617801,-0.006430868,-0.009118541,23400
0.001040529,-0.016393443,0,0,0,0.015384615,0.011494253,-0.005882353,0,0.002849003,0.003968254,-0.002857143,0,0,0,0.004065041,0,0,0,0,0.005714286,-0.002617801,0,0,21400
-0.274751574,-0.316099201,-0.14084507,0.631578947,0,0.8,0.106896552,-0.000612037,-0.061401747,-0.156872455,-0.133768561,0.02244898,-0.026524741,0.188347107,-0.118906004,-0.161626616,-0.113472653,-0.008309622,-0.052232725,0.044076433,0.057718803,0.054340759,-0.123932809,-0.08497423,8300
0.004396233,0,0,0,0,0,0,0,0.003623188,0,0,0,0,0,0,-0.003690037,0,0,0,-0.002352941,-0.001976285,-0.002617801,-0.003215434,-0.003039514,30700
0.152671557,0.090794451,0.063380282,0.261842105,0.4,0.4,-0.296551724,0.017137028,0.011187536,0.013431887,0.065284178,0.114693878,-0.01327196,0.02822314,0.015606731,-0.005760058,0.004660938,0.051645557,-0.006029987,0.103499438,0.103557312,0.102847073,0.135297705,0.122294172,1800
0.12655429,0.045397226,0.074530516,-0.180921053,-0.154545455,-0.138461538,-0.054022989,-0.000408024,0.018751883,0.014838047,0.057091654,0.061836735,0.014633679,-0.007438017,-0.03802552,0.03895539,0.040050169,0.073603102,0.078471317,0.126054702,0.089158667,0.03887349,0.320074288,0.110321131,4100
-0.052572707,0.176439681,0.198356808,0.2,0.036363636,0.138461538,0.24137931,0.269534172,0.425419219,0.145934974,-0.009984639,0.051428571,-0.016129651,-0.119090909,-0.038330537,-0.054300543,-0.170166607,-0.013219852,-0.035039113,0.023664294,-0.123466968,-0.081562468,0.038141701,0.020906568,10800
0.108631185,0.031946196,0.141431925,0.05,0.063636364,0.046153846,0.034482759,-0.031349881,-0.071568431,-0.083201888,-0.195212494,0.144081633,-0.032355198,-0.035165289,-0.120329419,-0.106276063,-0.240589143,-0.006723239,0.013852673,0.09838891,0.075064935,-0.001505663,0.048453265,0.136751685,11203
0.062665834,0.181273644,0.445422535,0.159868421,0.263636364,0.2,-0.270114943,-0.445086705,-0.257246377,-0.179487179,0.272913466,0.41755102,0.324894515,0.091198347,-0.242895633,0.027165272,-0.107116829,-0.048246166,-0.24470339,0.081768453,0.043579898,-0.008349588,-0.033623462,0.045460552,9400
0.060142552,0.044661623,0.247652582,0.147368421,0.136363636,0.092307692,-0.016091954,-0.432063924,-0.314338789,-0.318330215,-0.038146441,0.084081633,0.169927119,0.171115702,-0.039601444,-0.10102601,-0.019626786,0.123662277,0.104954368,-0.024533533,0.083704122,0.076908599,0.056464131,0.002088014,9600
0.067556319,0.10319462,0.098591549,0.04375,0.054545455,0.030769231,-0.054022989,-0.089153349,-0.065552097,-0.142291185,0.008704557,0.159387755,0.022497123,-0.05231405,0.00122007,-0.061365614,-0.074473314,-0.064235893,0.011326597,0.009501686,-0.042484472,-0.096978407,0.037504158,0.019320735,11201
0.262837521,0.280580076,0.268192488,0.1,0.027272727,0.061538462,0.034482759,-0.107616457,-0.16314389,-0.360991893,-0.164618536,0.216530612,0.082604526,0.101735537,-0.050480403,0.05895059,-0.001966068,-0.022284894,0.07993807,0.076807793,0.031157538,-0.000171098,-0.11827808,-0.128611074,11202
-0.069117111,-0.162042875,0.240610329,0.1375,-0.009090909,0.323076923,0.010344828,0.281196872,0.124845199,-0.095521074,-0.127880184,0.139183673,0.029727656,-0.065950413,-0.270703065,-0.309243092,-0.251877087,-0.236874575,-0.031861147,0.013203447,-0.223568605,-0.209834719,-0.15417452,-0.181551474,10900
0,0,0,0,0,0,0,0,0,0,0,0,0,0,0,0,0,0,0,0,0,0,0,0,24000
-0.003355705,0.006410256,0,0,0,0,0,0,0,0,0,0,0,0.005,0,-0.003690037,0,0,0,-0.002352941,0,0.006535948,0,0,29100
-0.003355705,0,-0.041666667,0,0,0,0,0,0,0,0,0,0.004545455,0,0,0,0,-0.006622517,0,0,0,0,0,0,28300
-0.006711409,0.006410256,0,0,0,0.015384615,0,0,0,0,0,0,0,0,0,0,0,0,0,0.006369427,0,0,0,0,28500
0.034935747,0.019230769,0.014084507,0.00625,0.009090909,0.061538462,0.08045977,-0.001530092,-0.050214212,-0.012429233,-0.028673835,0.01244898,-0.008419639,0.054958678,-0.012099029,0.044460445,0.001406756,0.082063808,0.06029987,0.143049831,0.080045172,0.073127331,0.063976051,0.082648341,16002
0.004396233,0.006410256,0.007042254,0,0,0.015384615,0,-0.005882353,0.014492754,0,0,-0.002857143,0.009090909,-0.008264463,0.008032129,0.008130081,0.007220217,0.004784328,0.000570404,0.031847134,0.007476002,-0.002617801,0.019431201,0.014351791,18600
0.178398627,0.09110971,0.084507042,0.01875,0.018181818,0.061538462,0.091954023,0.062563754,0.072338254,0.022205104,-0.127880184,-0.003673469,-0.057652474,0.093512397,0.057800824,-0.091650917,-0.043456891,0.119859995,-0.049136245,-0.001693518,0.011564088,0.014149814,0.118721588,0.151526364,12200
0.173195984,0.069041614,0.078051643,0.072368421,0.172727273,0.092307692,0.114942529,0.080618837,0.056297486,-0.025897803,-0.038402458,0.00877551,0.009455313,0.047355372,0.04712521,0.065910659,0.064592126,0.084884043,0.039765319,0.152626452,0.216973461,0.177685385,0.328140592,0.324012158,18300
0.082487904,0.034888609,0.028169014,0.00625,0.036363636,0.015384615,0.022988506,0.155355321,-0.037796633,-0.081282174,-0.308627752,-0.226938776,-0.043057154,0.064834711,0.113263179,-0.006900069,-0.052456738,0.038173898,0.035365059,0.192836268,0.149824958,0.118742087,0.293935026,0.230130831,15002
0.053795328,0.038461538,0.021126761,0.00625,0.018181818,0,0.114942529,0.074124447,0.062188305,0.011175917,0.052483359,0.007755102,0.012044496,0.003842975,0.01316659,0.044265443,0.076846155,0.005539748,0.001303781,0.078711128,0.167995483,0.147606337,0.250277193,0.153984406,16001
0.020706519,0.038461538,0.021126761,0.025,-0.063636364,0.061538462,0.057471264,-0.000816049,0.036549854,0.000666398,0.000384025,-0.004693878,-0.024012275,0.00107438,0.003202684,0.001875019,0.013355706,-0.007478659,-0.001385267,0.043207194,0.036047431,0.036597885,0.019431201,0.045249108,17200
-0.271317829,0,0.041666667,-0.002960526,0.027272727,0.369230769,0.049425287,0.033458007,-0.010953242,-0.027597422,-0.060547875,0.114897959,-0.036248562,-0.078471074,-0.135834477,-0.045360454,-0.122862324,-0.175106388,-0.037402216,0.161528662,-0.040191982,-0.428652089,-0.405172414,-0.379146293,7900
0.225716664,0.108238756,0.106220657,0.003618421,0.045454545,0.061538462,0.126436782,0.062767766,-0.048900492,-0.169747992,-0.205069124,-0.261020408,-0.254392021,0.018181818,0.112348127,0.0600306,-0.022440298,-0.003172765,0.007007823,0.117617085,0.06539808,0.134466003,0.22715933,0.232403859,16900
0.064772905,0.064733081,0.105633803,0.0375,0.018181818,0.061538462,0.149425287,0.109214553,0.020065602,-0.026637565,-0.040578597,0.015102041,-0.084675873,-0.057479339,-0.159219155,-0.077310773,-0.057100727,-0.098582328,0.022897653,0.124960659,0.148921513,0.084710673,0.227713715,0.126708075,15900
0.0131887,0.006410256,0.021126761,0.00625,0.009090909,0.015384615,0,0.052023121,0.016124444,-3.67E-05,-0.002944188,0.019795918,-0.029535865,-0.006528926,0.011641503,0.009630096,-0.003254182,0.008586609,-0.011571056,0.028804796,0.034071146,0.040516032,0.014025945,0.016968415,17401
0.057385152,0.01208491,0.014084507,0.01875,0.009090909,0.076923077,0.103448276,0.080924855,0.036549854,0.026344106,0.002688172,0.001632653,-0.011680092,0.011735537,0.007828783,0.025140251,-0.003254182,0.011406844,-0.01523794,0.035174223,0.024189723,0.036580775,0.133689988,0.080031717,17000
0.01966599,0.034888609,0.014084507,0.00625,0.018181818,0.046153846,0.003448276,0.115402924,0.022693041,0.00281232,-0.00921659,0.006122449,0.006175681,0.017603306,0.011438158,0.018885189,0.024897883,0.015209125,0.028601695,0.012334208,0.044641446,0.094103959,0.063698858,0.030474428,16600
0.035403985,0.025641026,0.007042254,0.00625,0.027272727,0.015384615,0,-0.000102006,0.02173913,0.00070308,0.015873016,0.01244898,0.009090909,0.025,-0.004422754,0.008130081,0.018050542,0.003802281,0.014423077,0.006369427,0.020880858,0.032679739,0.009784899,0.054790538,24500
-0.010067114,0,0,0,0.009090909,0,0,-0.035294118,-0.017162031,-0.001479525,0.000384025,0.015306122,0.005849636,0.016735537,0.007828783,0.000375004,0.002525381,-0.002820235,0.005378096,0,0.003738001,0.001300346,0.005405256,-0.006079027,24700
0.560896936,0.26208491,0.093309859,0.1125,0.081818182,0.184615385,0.126436782,0.092383543,-0.006334304,-0.049539635,-0.026497696,-0.013061224,-0.104123514,-0.119710744,0.018555234,0.020625206,-0.074812291,0.041724372,0.056795958,0.106991383,0.097108978,0.323991377,0.356885464,0.448103608,16500
0.444149628,0.037620849,-0.032276995,-0.057894737,0,0.138461538,-0.362068966,0.100374022,0.246845399,0.238766003,0.438556068,0.488163265,0.320809359,0.339297521,0.23166082,0.179356794,0.224877544,0.193312014,0.205752934,0.42748595,0.361852061,0.272969921,0.400875929,0.464146954,2100
-0.36616201,-0.228457335,0.164906103,0.042105263,-0.072727273,-0.015384615,0.396551724,0.705882353,0.345374368,0.112529499,0.221710189,0.34755102,0.165151515,0.14714876,-0.099232373,-0.358653587,-0.444043321,-0.33460076,-0.30035854,-0.03932559,-0.111428571,-0.227081408,-0.339228296,-0.52173913,10100
0.021747048,0.002837327,0.007629108,0.01875,0,0.015384615,0.068965517,0.034682081,0.019429662,-0.006474451,0.008320533,-0.00122449,-0.016551592,-0.001528926,0.011438158,-0.009945099,-0.022033525,0.03900486,0.039602347,0.012334208,0.017831733,0.041782158,0.10256126,0.046174177,15601
0.027652047,-0.075556957,0.021126761,-0.046381579,0.027272727,0,0.057471264,0.011356681,0.005254878,0.004255163,-0.00921659,-0.017142857,0.000652091,0.005867769,0.007625438,0.008505085,0.009745598,0.008586609,-0.00309648,0.013023604,0.030333145,0.019590733,0.03667258,0.040438747,15602
0.00647729,0.006410256,0,0.00625,0.009090909,0.015384615,0,0.005780347,0,0,0,0,0,0,0,0.000375004,0,0,0.009615385,0.004016486,0,0.019607843,-0.004241047,-0.006501916,23100
-0.006711409,0,0,0,0,0,0.011494253,0,0.003623188,0,0,0,-0.004219409,0,0,0,0,0,0.004807692,-0.002352941,0.005714286,0,0.002189821,-0.003039514,23501
0.114874356,0.053383775,0.084507042,0.0625,0.072727273,0.123076923,0.114942529,0.05749745,0.010509757,-0.02586112,0.005120328,-0.011020408,0.068200997,-0.013966942,-0.000457526,-0.002760028,-0.087422247,0.02699368,-0.02583116,0.04933683,0.068018069,0.121394107,0.263693314,0.357103211,14601
0.271525935,0.01839008,0.07100939,0.09375,-0.009090909,0.092307692,0.24137931,0.241856511,0.021973424,-0.052315273,-0.015873016,-0.063061224,-0.03208669,0.017520661,0.009709725,0.026880269,-0.044863646,0.03338957,0.070974576,0.173727988,0.183466968,0.327806864,0.394860849,0.62674772,14602
0.003121586,0.012820513,0.014084507,0,0,0.015384615,0.034482759,0.01734104,0.014810724,0.003552083,-0.002944188,-0.002857143,-0.008438819,0,-0.004422754,0.000375004,-0.004694836,0.007604563,0.014423077,0.013713001,0.001761717,0.030061938,-0.01607717,0.022624554,21200
0.035169866,0.064102564,0.028169014,0.0125,0.045454545,0.030769231,0.034482759,0.057701462,0.081023865,0.070448626,0.07155658,0.048979592,0.052608362,0.061942149,0.031315134,0.022575226,0.014796359,0.00674842,0.061114733,0.093473211,0.090570299,0.125483352,0.106802306,0.115237214,21100
-0.026845638,0.012820513,-0.083333333,-0.052631579,0,-0.2,0.011494253,-0.011764706,-0.009237875,-0.004291845,-0.00921659,-0.014285714,-0.021097046,-0.016528926,-0.029535865,-0.014760148,-0.023474178,0,-0.025423729,-0.04,-0.029644269,-0.015706806,-0.025723473,-0.018237082,2400
-0.206440872,-0.260193359,-0.124413146,-0.033881579,-0.181818182,-0.338461538,0.091954023,0.005372322,0.003941159,-0.00436521,-0.001280082,0.017959184,-0.015899501,-0.00892562,-0.05947842,-0.034650347,-0.068625955,-0.058620603,-0.081893742,-0.054642188,-0.066933936,-0.09040824,-0.157279078,-0.186256112,4400
0.126086052,0.090374107,-0.137323944,-0.206907895,-0.181818182,0.046153846,-0.03908046,0.010540632,0.053904341,0.084400181,0.130056324,0.209795918,0.158784043,0.233016529,0.092318642,0.115756158,0.1082863,0.132349608,0.154742503,0.186257025,0.162710333,0.184170003,0.27655505,0.242447469,1502
0.269314812,-0.040142917,-0.115610329,-0.156907895,-0.036363636,-0.261538462,-0.173563218,0.171268276,0.281487432,0.289234927,0.401945725,0.483061224,0.317568086,0.256900826,0.196532967,0.249152492,0.082286741,0.00148566,0.124266623,0.3041139,0.243139469,0.137083804,0.372962634,0.495123563,700
0.031007752,0.038461538,0.049295775,0,-0.090909091,0,0.034482759,0.005678341,0.028985507,0.002072558,-0.002560164,0.022040816,0.0048715,0.005867769,0.019876976,0.021075211,0.018050542,0.02661597,0.024608866,0.050955414,0.049237719,0.044434179,0.082991462,0.066102815,21900
0.004396233,0.006410256,0,-0.052631579,0,0,0,0,0,0.002849003,0.003968254,0,0,0.000867769,0.003812719,0.008130081,0.003610108,0,-0.004237288,0.006369427,0.011428571,0,0.00862069,0,22302
0,0,0,0,0,0,0,0,0,0,0,0,0,0,0,0,0,0,0,0,0,0,0,0,23801
0,0,0,0,0,0,0,0,0,0,0,0,0,0,0,0,0,0,0,0,0,0,0,0,23802
-0.010067114,0,0,0.00625,0,0,0,0,-0.002309469,0,0,0.005102041,0,0,0,0,0.003610108,0,0,0,0.005714286,0,-0.003215434,-0.003462403,27900
-0.080901098,0.005569567,0.120305164,-0.045394737,-0.154545455,0.123076923,0.172413793,-0.002448147,0.039286073,-0.094121028,0.005888377,0.022857143,-0.032719601,-0.10946281,-0.107569519,-0.079875799,-0.06362604,-0.034069448,-0.025749674,0.002847508,-0.049531338,-0.059063067,-0.117391063,-0.102761993,13500
0.190286666,-0.03593947,0.282276995,-0.060526316,-0.236363636,0.261538462,0.264367816,0.18983339,0.293352746,0.132020102,0.208397337,0.15755102,-0.001860376,-0.00838843,-0.120685273,-0.018090181,-0.013457399,-0.00450734,0.110576923,0.06796553,0.107419537,0.041474181,0.097793547,5.29E-05,13900
0,0,0,0,0,0,0,0,0,0,0,0,0,0,0,0,0,0,0,0,0,0,0,0,500
0.052624733,-0.015762926,0.014671362,-0.015131579,-0.090909091,0.061538462,0.014942529,0.012138728,0.348127322,0.189929447,0.440220174,0.45755102,0.31106636,0.234752066,0.138681308,0.130261303,0.014745513,0.087830182,0.153438722,0.23157737,0.284946358,0.168428977,0.192537975,0.09546716,31703
0.243301597,0.042664985,-0.026995305,0.03125,-0.072727273,-0.153846154,0.114942529,0.010846651,0.036549854,-0.023012117,0.00563236,0.021020408,-0.042788646,-0.022272727,-0.027654923,0.004680047,0.012915035,0.059753733,0.052884615,0.244885725,0.167442123,0.108236663,0.33307462,0.452913969,16300
-0.005150617,0.182744851,0.228873239,0.178618421,0.327272727,0.215384615,0.090804598,0.328051683,0.30295043,0.115665847,0.205197133,0.155714286,0.046797085,0.003181818,-0.008947181,-0.091695917,-0.054592295,-0.100546421,-0.070648631,-0.056095916,-0.09730096,-0.128546008,-0.117779133,-0.038456456,13300
0.167993341,0.070512821,-0.02758216,0.0125,0.018181818,0,0.011494253,0.023121387,0.037545604,0.021239133,-0.003456221,0.027346939,0.057479862,0.139338843,0.054191449,0.06103561,0.052338096,0.096164984,0.13803781,0.229584114,0.187927724,0.247048558,0.267379976,0.181762918,20500
-0.00502055,0.03814628,0.165492958,0.200986842,-0.027272727,0.430769231,0.018390805,0.082726964,0.197116511,0.091541029,0.13453661,0.215306122,0.054276947,-0.005950413,-0.075441005,0.004305043,-0.054592295,-0.090851862,-0.05565515,-0.0177145,-0.098159232,-0.025271191,-0.036922053,-0.094251355,12700
-0.152983716,-0.000840689,0.079225352,0.034868421,-0.363636364,0.107692308,0.057471264,-0.012580755,-0.01294474,-0.052462003,-0.111623144,-0.062653061,-0.01261987,-0.047479339,-0.176045956,-0.10395104,-0.020982695,-0.007957092,0.024445893,0.022075684,-0.063150762,-0.040806899,-0.061425879,-0.18186864,12900
-0.113677748,0.140710383,0.099178404,-0.006907895,-0.245454545,0.076923077,0.159770115,0.2866712,0.191225692,-0.003839429,0.057475678,0.199387755,0.087111623,-0.070454545,-0.048294444,-0.220922209,-0.454449925,-0.213960164,-0.161342894,-0.083312102,-0.07083004,-0.13925675,-0.045598182,-0.212210916,7600
-0.018885594,-0.097099622,-0.032276995,0.034868421,-0.681818182,-0.076923077,0.252873563,0.044610677,0.036382502,-0.064854554,0.01843318,0.217755102,0.109493671,0.133595041,0.009252199,-0.043110431,-0.169471704,-0.035529927,0.056551499,0.151007868,-0.021558442,0.010094788,-0.035286617,0.001242236,9500
0.102388013,0.00851198,0.007629108,0.0125,-0.1,0.030769231,0.114942529,0.144508671,0.074095458,0.056943375,0.00640041,0.073469388,0.005216724,0.043016529,0.046159321,0.017445174,0.100354231,0.034598242,0.041395046,0.158426377,0.087735743,0.185521678,0.281683113,0.116162284,18900
0.027652047,0.012820513,0.007042254,0.0125,0.009090909,0,-0.1,0.011560694,0.010869565,0,-0.002304147,0.01244898,0.000326045,0.01,-0.008438819,0.000375004,0,0.003802281,0.005378096,0.010385912,-0.003952569,0.003918147,-0.013887349,0.011312277,22800
-0.008116123,-0.160466583,-0.220070423,0.050986842,0.163636364,0.2,-0.042528736,-0.000204012,0.018115942,0.007807246,-0.008832565,0.001428571,-0.01394323,0.001942149,-0.030755935,-0.027645276,0.004321961,-0.012137084,-0.00619296,-0.001333833,0.01108978,0.037761352,-0.01421998,0.058411524,3601
0.133942043,0.075977301,-0.002934272,-0.066776316,0.081818182,0.107692308,-0.01954023,0.028187691,0.062866084,0.021795483,0.075524834,0.160612245,0.054583813,0.079049587,0.100706624,0.147271473,0.09887968,0.108805681,0.167372881,0.348175347,0.24177301,0.217705232,0.032320656,0.120523325,4300
-0.037042818,-0.005044136,-0.026995305,0.0125,-0.072727273,0.046153846,0.103448276,-0.01217273,0.019387823,-0.030966093,0.041858679,0.104693878,0.00199463,0.112768595,-0.094301256,-0.030465305,-0.057100727,0.011910458,-0.035528031,0.015586362,0.033992095,0.0298224,-0.100149684,-0.01242236,5900
-0.096977264,-0.122635561,-0.242370892,-0.036513158,-0.054545455,-0.169230769,-0.165517241,-0.023631418,-0.007924156,-0.007880611,-0.014464926,-0.012040816,-0.028231684,-0.031983471,-0.026333181,-0.024705247,-0.038287487,-0.050033994,-0.077656454,-0.033061072,-0.042100508,-0.078602471,-0.074564808,-0.012845249,2800
0.200379793,-0.005044136,0.04342723,0.05,-0.163636364,0.092307692,0.126436782,0.06916015,0.008518258,-0.0265642,-0.007552483,-0.006122449,-0.046701189,-0.074628099,0.015403386,-0.006135061,0.055931255,0.020371163,-0.015074967,0.092139378,0.104494636,0.032474421,0.121521233,0.147561781,16100
0.004396233,0,0.007042254,0,0,0,0,0,0,0,0,0,0,0,0,0,0,0,0,-0.002352941,0,0.006535948,0,0,23502
0.004396233,0,0.007042254,0,0,0,0,0.005780347,0.003623188,0,0,-0.002857143,0,0,-0.008438819,0,0,-0.006622517,-0.021186441,-0.028235294,-0.005928854,-0.005235602,0,0.005656138,23600
0.012148171,0,0.007042254,0,0,0,0.011494253,0.005678341,0.014492754,0.006401086,0.003968254,0,-0.004219409,0,0.004016064,0.004065041,0,0,0.019230769,-0.009411765,-0.001976285,-0.002634911,0,0.008695652,21000
-0.016778523,0.006410256,0,0,0,0,0,0.005780347,0.004936908,0.003552083,0.011264721,0.005102041,-0.008438819,0.001735537,0.003812719,0.004065041,0.002525381,0.000982046,-0.008474576,0,0.003523433,0.003918147,-0.003215434,0.005656138,2500
0.012148171,0,0,0,0,0,0,0,0,0,0,0,0.004545455,0,0,0,0,0,0,0,0.005714286,-0.010471204,-0.006430868,0.005656138,30300
0.187633318,0.066834805,0.017018779,-0.188157895,0.027272727,-0.153846154,-0.01954023,0.055865352,0.109925695,0.189960016,0.214669739,0.334489796,0.412696586,0.303429752,0.243098978,0.239207392,0.20104744,0.099488832,0.236228814,0.289831398,0.24447205,0.227269616,0.369331411,0.284657064,1300
-0.066671869,-0.032891971,-0.054577465,-0.046381579,-0.136363636,-0.184615385,-0.008045977,0.080822849,0.29642367,0.279055549,0.507040451,0.374489796,0.171768316,0.224545455,0.068832291,0.055530555,0.014406535,0.025029587,0.03202412,0.006129637,0.038757764,0.001129248,0.004324204,-0.01192018,31704
-0.006711409,-0.009983186,-0.083333333,0,0,0,0,0,-0.002309469,0,0.003968254,-0.005714286,0,-0.004132231,-0.012658228,-0.007380074,-0.004694836,-0.006622517,-0.008474576,-0.014117647,-0.007905138,-0.022259864,-0.023533651,-0.015197568,1001
-0.006711409,0,-0.034624413,0,0.009090909,0,0,-0.005882353,-0.002309469,-0.004291845,0,0,-0.008438819,-0.012396694,-0.012658228,-0.011070111,-0.009389671,0,0.000570404,-0.004705882,0.015166573,-0.001317455,-0.022508039,-0.003462403,1002
-0.090656053,-0.095208071,0.074530516,0.033223684,-0.127272727,0.169230769,0.014942529,-0.029717783,0.012819225,0.011285964,0.011904762,0.075510204,0.013022631,0.025165289,0.010980631,0.017505175,-0.062863341,-0.048674238,-0.071300522,0.062000749,0.037651045,-0.059405263,0.064142366,-0.025029734,3800
0.20311118,-0.009667928,0.382042254,0.24375,-0.209090909,0.384615385,-0.07816092,0.210200612,0.211592529,-0.010747955,0.234639017,0.349387755,0.011871883,-0.001818182,-0.099740735,-0.045870459,-0.043507737,0.139274293,0.232724902,0.320149869,0.113054771,0.094856791,0.025695753,0.022835998,13700
0.057385152,0.005674653,0.007042254,0.0125,-0.1,0,-0.1,-0.005882353,0.00131372,0,0.00563236,0.014693878,0.014614499,0.016735537,-0.000610035,-0.010695107,-0.016253962,-0.033112583,-0.029090613,0.00568003,-0.018215697,-0.015723916,-0.039610822,-0.00430818,800
-0.002315176,0.006410256,0.021126761,0.00625,-0.1,0,0.011494253,0,0,0.002849003,0.003968254,0.004489796,0.004545455,0,0,-0.003690037,-0.009389671,0,0,-0.002352941,-0.003952569,-0.001317455,-0.01607717,0.005656138,26500
0.316762916,0.043190416,0.149061033,0.075,-0.027272727,0.123076923,0.06091954,0.14784087,0.078463366,0.036156658,0.099590374,0.135102041,0.001745301,0.021983471,-0.022367953,-0.049365494,-0.118201386,0.158008713,0.096235332,0.118920944,-0.001705251,0.049224926,0.193646746,0.160301308,14500
0.016544405,0,0,0,0.018181818,0,0,0,0,-0.004291845,0,-0.002857143,0,0,-0.004219409,0,0,0,-0.004237288,0,-0.001976285,0.001300346,0,0,27500
-0.026845638,-0.049180328,0,0,0,0,0,-0.005882353,0,-0.003588765,-0.006912442,-0.005714286,-0.012658228,-0.008264463,-0.016877637,-0.007380074,-0.009389671,-0.01986755,-0.016949153,-0.014117647,-0.019762846,-0.007853403,-0.032154341,-0.045592705,202
0.074267728,-0.012189996,0.063380282,0.03125,-0.090909091,0,-0.188505747,0.028289697,0.000192456,-0.064891237,-0.059395801,0.10244898,0.04159954,0.119958678,0.038483046,0.109126091,0.052677073,0.043058948,0.037402216,0.058463844,0.051259176,0.057437635,0.183640093,0.168415488,900
0.001040529,0.006410256,0,0.00625,0,0,0,-0.005882353,0.004936908,0.004218481,0.00499232,0.01,0.024357499,0.001942149,0.015250877,0.025890259,0.025626684,0.01238889,-0.002526076,-0.003042338,-0.000214568,0.003918147,-0.017102783,0.020007929,31900
-0.013422819,-0.016393443,0.007042254,0,0,0,0,0,0.00131372,0,0,-0.002857143,0,-0.004132231,0,0,-0.004694836,0,0,-0.002352941,0,-0.005235602,0.014025945,-0.006079027,28700
-0.03358306,-0.072824716,0.017018779,0.041118421,-0.118181818,-0.230769231,0.083908046,0.051411085,0.031889079,0.023275008,0.145545315,0.232244898,0.157499041,0.031239669,0.056936607,-0.017145171,0.018728496,0.016946592,0.054514342,0.124960659,0.03622812,-0.033090374,-0.074897439,0.065917801,6300
0.085843609,0.121059269,0.015258216,0.0375,-0.281818182,-0.169230769,0.045977011,0.028697722,-0.002669277,-0.005844735,-0.099974398,-0.015714286,0.054238588,0.088016529,0.053784759,0.035580356,0.015847189,0.053483746,0.064863103,0.128242788,0.123354037,0.046949321,0.102699856,0.0348619,5700
0.120987462,-0.017969735,0.14084507,0.0625,0.109090909,0.107692308,0.298850575,0.288711323,0.090219902,0.010546202,0.003584229,-0.054693878,-0.048657461,0.008636364,0.030857608,0.057840578,-0.055304147,-0.031375116,0.078797262,0.200584489,0.08365895,0.126492831,0.168671693,0.321210519,15400
0.060740856,0.038461538,0.042253521,0.01875,0.036363636,0.030769231,0.114942529,0.057701462,0.038859323,0.015651174,0.009600614,0.019795918,0.033122363,0.031735537,0.023689695,-0.00700507,0.050541516,0.02661597,0.035365059,0.031157737,0.036047431,0.050970126,0.051862734,0.048288622,19702
0.144503408,0.066939891,0.056338028,0.0375,0.045454545,0.107692308,0.183908046,0.190445427,0.068798742,0.049729161,-0.000896057,-0.087959184,-0.00352896,0.013429752,0.105942758,0.025635256,0.015118388,0.052627603,-0.004074316,0.053922818,0.016374929,0.137066694,0.163599069,0.117087353,15801
0,0,0,0,0,0,0,0,0,0,0,0,0,-0.004132231,0,0,-0.001084727,0,-0.004237288,-0.002352941,0,0,0,-0.003039514,29900
-0.141173716,-0.243799916,-0.033450704,0.025,-0.172727273,0.123076923,0.083908046,-0.13083985,-0.120853834,-0.129085507,-0.117383513,-0.004897959,-0.135001918,-0.102892562,-0.158354939,-0.154861549,-0.10186268,-0.086822955,-0.111228814,-0.105312851,-0.079006211,-0.108715738,-0.058210445,-0.07590855,6200
-0.021642995,-0.036359815,0.021126761,0.00625,0,0.030769231,-0.1,-0.005882353,-0.002309469,0.009953169,0.00563236,-0.000612245,-0.008438819,-0.003264463,-0.008642164,-0.017700177,-0.009389671,-0.006622517,-0.008474576,-0.018823529,-0.006143422,0.002583581,-0.014912962,0.001770847,600
-0.006711409,0,0,0,-0.1,-0.2,0,0,-0.002309469,-0.004291845,-0.002304147,-0.005714286,-0.004219409,0,-0.004219409,-0.011070111,-0.009389671,0,-0.016949153,-0.004705882,-0.009881423,-0.005235602,-0.009646302,-0.018237082,201
-0.030201342,-0.032786885,-0.034624413,0,0,0,0.011494253,0,-0.002309469,0,-0.002304147,-0.008571429,-0.004219409,-0.016528926,-0.021300391,-0.003690037,0,-0.002820235,0,-0.007058824,-0.013833992,-0.005235602,-0.010671915,-0.027355623,1401
0.012148171,0.012820513,0.007042254,0.00625,0,0.030769231,0,0.011458688,-0.011229374,-0.007917293,-0.009472606,0.006122449,0.01039509,0.026735537,0.023689695,0.040650407,0.003610108,0.008586609,0.024038462,0.028804796,0.015166573,0.039215686,0.074370773,0.008695652,25100
0.078559908,0.051282051,0.077464789,0.03125,0.027272727,-0.107692308,0.08045977,-0.053655219,-0.059452087,-0.057346881,-0.047235023,-0.026122449,-0.064576141,0.045619835,0.032687713,0.031515315,0.072185217,0.123763,0.07244133,0.149419258,0.130784867,0.104540944,0.136905422,0.060023787,16800
-0.048514645,-0.176965111,0.072769953,0.11875,-0.290909091,-0.092307692,0.103448276,0.004964298,-0.013580681,-0.00606483,0.086917563,0.177959184,-0.009685462,0.088636364,0.087489197,-0.025650257,-0.062168438,0.024551155,0.012956323,0.032221806,0.070773574,0.033569449,0.097654951,-0.00906568,7700
0.072524843,-0.220470786,-0.154929577,0.142105263,0.081818182,-0.123076923,0.08045977,-0.012376743,0.029939418,-0.007507673,0.029697901,0.134489796,0.106520905,0.146033058,0.04168573,0.107371074,0.080473212,0.091632463,0.087842243,0.239040839,0.142303783,0.058583992,0.027109436,0.004202458,4500
0.019900109,0.012820513,-0.02758216,0.00625,0.009090909,0.076923077,0,0,0.00131372,0.014245014,0.00563236,0.01755102,0.004545455,-0.002396694,-0.000203345,0.005190052,0.002525381,0.007604563,0.000570404,0.004016486,0.003738001,0.01175444,-0.001025613,-0.009118541,2700
-0.021877114,0.030580076,-0.059859155,-0.051644737,0.172727273,0.215384615,0.011494253,0.005780347,0.010191786,0.006364403,0.017921147,0.036734694,0.019159954,0.01214876,-0.014284988,0.022575226,-0.012660802,0.008712512,0.026890482,0.019677782,0.019808018,0.005150053,0.072458144,-0.017734902,2900
0.257062588,0.053173602,0.068661972,-0.295065789,0.181818182,-0.476923077,-0.008045977,-0.018769126,0.002225792,0.007550469,-0.060675883,0.067346939,0.127963176,0.216694215,0.073204209,0.039765398,0.045439908,0.144990305,0.150097784,0.270648183,0.313608131,0.163005167,0.363593525,0.141641337,5502
-0.016128193,-0.154266499,0.01584507,-0.003289474,-0.081818182,0.030769231,0.156321839,0.033764026,0.030533521,-0.132710955,0.035074245,0.219795918,0.081588032,0.290743802,0.081948045,0.131941319,0.126980899,0.157278473,0.24380704,0.374792057,0.222653868,0.329055881,0.097045127,0.118752478,8100
0.0131887,-0.019966372,0.014084507,0.00625,-0.090909091,0.015384615,0.011494253,0.005678341,0.007246377,0.005698006,0.003968254,-0.002857143,0.000326045,0.000867769,-0.004422754,-0.003690037,-0.001084727,0,0.014423077,0.000974148,0.014952005,0.014372241,0.034482759,0.013928902,21303
0.043155923,0.009247583,0,0.00625,0.009090909,0,0,0,-0.006928406,-0.002145923,-0.004608295,0,-0.004219409,-0.003264463,-0.004219409,0,0,0,0.004807692,-0.004705882,-0.011857708,0.013071895,0.005405256,0.005656138,21703
0.073747464,0.162042875,0.285211268,0.145723684,-0.163636364,-0.061538462,-0.101149425,0.073104386,0.026466847,-0.058153895,-0.046338966,-0.016530612,0.12545071,0.273140496,-0.107315337,-0.006210062,-0.145980577,0.094351975,-0.024934811,0.04115399,0.033145116,-0.062262601,0.115339838,-0.111589798,5000
-0.152541491,-0.05296343,0.13556338,0.028618421,-0.163636364,-0.107692308,0.049425287,0.049676981,0.003455836,-0.065777729,-0.005760369,0.137755102,-0.03693901,-0.020330579,-0.073865081,-0.088380884,-0.079507127,-0.102258706,-0.016378748,-0.087253653,0.008774704,-0.141703453,-0.051557822,-0.201136514,6800
0.066749909,-0.063472047,0.000586854,0.03125,0.009090909,0.046153846,0.091954023,0.034274056,0.007204539,-0.008027341,-0.023169483,0.019795918,-0.054181051,-0.075950413,0.015810076,0.058155582,-0.004016881,0.088686324,0.015971317,0.078141626,0.019209486,0.15279061,0.174132387,0.169261266,17700
-0.156235368,-0.173392182,-0.025234742,-0.138157895,-0.081818182,-0.384615385,-0.062068966,-0.01217273,0.004577099,-0.010766296,-0.011392729,0.008163265,-0.031799003,-0.008719008,-0.026739871,0.002310023,-0.059236284,-0.053710372,-0.074478488,0.060007493,0.065183512,0.045512097,-0.168560816,-0.135615171,3400
0.152021227,0.020596889,0.133802817,0.01875,-0.072727273,0.107692308,0.126436782,0.15566134,0.074731399,0.027640219,0.014080901,0.032040816,0.039317223,0.079958678,0.025824818,0.113941139,0.034253657,0.155415103,0.135022816,0.277662046,0.160304912,0.252164391,0.189461138,0.286190036,18100
0.002081057,0.019230769,0.007042254,0.00625,0.009090909,0.046153846,0.045977011,0.034682081,0.029303478,0.001369478,-0.010496672,-0.004285714,-0.002915228,0.008471074,0.015250877,0.007440074,0.027796139,-0.027346209,-0.004481747,0.044181341,0.016284585,0.057488964,0.076699191,0.050905246,18500
-0.003355705,0,-0.041666667,0,0,0,0,0,0,0.002849003,0,0,0,-0.004132231,0,0,0,0,-0.004237288,0,-0.001976285,0,-0.003215434,-0.012158055,28100
-0.222777171,-0.207545187,-0.102699531,0.04375,-0.027272727,0.015384615,0.06091954,0.021387283,0.062146467,0.022388516,0.034178187,0.012857143,-0.059685462,-0.038760331,-0.043668344,-0.076620766,-0.096455992,-0.046710145,-0.23541395,-0.092813788,-0.092106155,-0.06058584,-0.093912851,-0.211603013,6400
-0.187841423,-0.182639765,0.023474178,0.047368421,0.027272727,-0.030769231,-0.066666667,0.136688201,0.099566556,0.01358473,0.00563236,0.022040816,-0.042155735,-0.065950413,-0.178282751,-0.130846308,-0.119574245,-0.088409337,-0.126385267,-0.141940802,-0.121705251,-0.296136605,-0.231012307,-0.210096472,6600
0.065449248,-0.040037831,-0.048122066,0.0625,-0.145454545,0.138461538,0.24137931,0.02533152,0.162516317,0.089248377,0.068484383,0.107142857,0.012082854,-0.08231405,-0.059630929,-0.002145021,-0.119591193,-0.120288067,-0.197848761,-0.028550019,-0.000892151,-0.089330322,0.063172192,0.103396326,11800
0.237734769,-0.040773434,0.246478873,0.009868421,-0.036363636,0.123076923,0.298850575,0.270248215,0.176456806,0.075003363,0.076676907,0.056938776,0.117932489,-0.118016529,-0.116313355,0.080655807,-0.150302537,0.019414298,-0.12190352,0.011779693,0.097199322,0.0334839,0.095880918,0.177851196,12600
0.0145674,-0.015027322,0.014084507,0.03125,0.036363636,0.015384615,0.068965517,0.103944237,0.008878067,-0.012172456,-0.011136713,-0.045918367,-0.066839279,-0.067231405,-0.041228204,0.013815138,-0.044083999,-0.054566515,-0.023875489,0.008362683,0.027972897,0.001146357,-0.000332631,0.258411524,14401
-0.006711409,-0.016393443,-0.083333333,0,0,0,0,0,-0.004618938,-0.002145923,0,-0.002857143,-0.004219409,0,-0.008438819,-0.003690037,-0.014084507,-0.026490066,-0.025423729,-0.014117647,-0.013833992,-0.015706806,-0.01607717,-0.012158055,2000
-0.080771032,-0.14186633,-0.061619718,0,0.045454545,-0.153846154,-0.288505747,-0.005984359,0.003623188,-0.006437768,-0.000640041,-0.004081633,-0.007460683,-0.006528926,-0.017080982,0.009630096,-0.011559126,-0.044393524,-0.026808996,-0.032371675,-0.009621683,-0.065462136,-0.08681672,-0.073794106,2601
0.113495656,0.043400588,0.028169014,0.01875,0.009090909,0.030769231,0.045977011,0.121387283,0.029621448,0.026973821,-0.022529442,-0.008979592,-0.001917913,-0.034173554,0.059986783,0.036705367,0.019101371,0.036562335,0.086619948,0.133233421,0.07149633,0.184187113,0.22455372,0.176186071,18700
0.123328651,0.052648172,0.042253521,0.05625,0.036363636,0.138461538,0.014942529,0.173206392,0.072781738,0.072521184,0.028929852,0.089795918,0.038013042,0.042355372,0.054953993,0.051840518,0.067846308,0.010928411,0.031535202,0.130475834,0.050615471,0.17900284,0.293519237,0.238826483,19100
0.068492794,0.005674653,0,0.0125,0,-0.184615385,0.011494253,0.01734104,0.015806473,0.0206461,0.000384025,0.008979592,0.000652091,0.025867769,0.011844848,0.001125011,-0.001084727,0.011406844,0.02517927,0.019393031,0.062857143,0.027444136,0.057129394,0.071758953,22200
0.076244732,0.018495166,0.049295775,0.025,0.018181818,0.046153846,0.08045977,0.028799728,0.047101449,0.02205226,0.013952893,0.01122449,0.014614499,-0.004793388,0.019876976,-0.002565026,-0.005779563,0.001964092,0.02517927,0.020367179,0.043308865,0.052270472,0.047483091,0.065679926,25700
0.064200614,0.067570408,0.035798122,0.1,0.072727273,0.015384615,-0.065517241,0.023121387,-0.005614687,-0.006511133,-0.005760369,0.055918367,-0.00972382,0.036942149,0.005998678,0.028140281,0.003593159,-0.017777554,0.021838331,0.086009741,0.063162055,0.027290148,0.064253243,0.102312673,3002
0.055278081,0.132303489,0.058685446,0.094736842,0.090909091,0.276923077,0.091954023,0.028595716,0.017756133,0.01698397,0.034818228,0.090408163,0.043843498,0.039752066,0.054191449,0.003810038,0.006830393,0.019389117,0.028112777,0.056275759,0.135087521,0.134363344,0.04229959,0.154142989,3602
-0.006711409,-0.009983186,0,0,-0.1,0.030769231,0,0,0,0,-0.002304147,-0.002857143,0,0,0,0,0,0,0,-0.002352941,-0.001976285,-0.005235602,-0.01607717,0,23900
-0.003355705,0,0,0,0,0,0,0,0,0,0,0,-0.004219409,0,0,0.004065041,0,0,0,-0.002352941,0,0,0.005405256,-0.003039514,24301
0,0,0,0,0,0,0,-0.005882353,0,0,0,0,0,0,0,0,0,0,0,0,0,0,-0.003215434,0,24302
0,0,0.007042254,0,0,0,0,0,0,0,0,0,-0.004219409,-0.004132231,0.004016064,0,0,0,0,0,0.003738001,0,-0.003215434,0,31100
-0.180089485,-0.473518285,-0.01584507,-0.60625,-0.372727273,-0.461538462,-0.350574713,-0.138966338,-0.152358001,-0.4098957,-0.388888889,-0.012244898,-0.265611814,0.010743802,-0.33338417,-0.258767588,-0.175336011,-0.261274646,-0.418269231,0,0,-0.333333333,-0.237221421,-0.176926127,9900
-0.196373758,-0.185372005,0.008802817,-0.033881579,-0.445454545,0.015384615,-0.073563218,0.074430466,0.018668206,-0.016757761,0.056835637,0.055510204,-0.064537783,-0.017892562,-0.152966296,-0.172561726,-0.140878968,-0.113313021,-0.146186441,-0.165874859,-0.094940711,-0.192536701,-0.196335514,-0.160010572,11700
0.007751938,0.012820513,0.007042254,0.00625,0,0,0.011494253,-0.005984359,0.00031797,-0.003588765,0.003968254,-0.003469388,-0.012332183,0,0.004016064,0.004065041,-0.009389671,-0.006622517,0.014993481,0.001663544,0.020880858,0.003918147,0.017241379,0.011312277,24200
0.012148171,-0.016393443,0,0.00625,0,0,0.011494253,0,0.007246377,0.01994302,0.017537122,0.01244898,0,0,-0.004219409,0.004065041,0.003610108,0.003802281,0,0.006369427,0.005714286,-0.005235602,0.005405256,0,23700
-0.006711409,-0.00357293,0.014084507,0.00625,0,0.015384615,0,0,0,0.003552083,0.017537122,0,0.009090909,0.01,0.004016064,-0.003315033,0.003610108,0.004784328,0.014423077,0.008032971,0.009452287,0.002600691,0.014025945,-0.003885291,24100
0.694630872,0.077343422,0.115023474,-0.063157895,0.154545455,0.138461538,0.183908046,0.258891533,0.413955551,0.2600785,0.432795699,0.558367347,0.373743767,0.402107438,0.241675563,0.223817238,0.077185132,0.086974039,0.142519557,0.382869989,0.392885375,0.52617801,0.563726577,0.73556231,3300
0.105509599,0.021332493,0.035211268,0.00625,0,0.046153846,0.114942529,0.109622577,-0.006610436,0.004218481,0.003712238,-0.005918367,-0.030820867,-0.068966942,-0.020741193,-0.03202532,-0.04660938,-0.031752827,-0.074234029,0.074814537,-0.017052513,0.028590494,0.048591862,0.152372142,14402
0.0277561,-0.000735603,0.007042254,0.03125,0.027272727,0.030769231,0.08045977,0.115402924,0.004259129,-0.007250896,-0.009472606,-0.007755102,-0.031799003,-0.027644628,-0.047836917,-0.060795608,-0.073320791,-0.032860776,-0.027297914,-0.001903335,0.039616036,0.019470965,0.086761282,0.077071495,15200
-0.048488632,-0.158259773,-0.019953052,-0.042763158,-0.081818182,0.015384615,-0.3,0,-0.000995749,-0.000739763,-0.003584229,0.01755102,0.009743,0.005,-0.02973921,-0.032460325,-0.018423417,-0.072847682,-0.023142112,-0.014522293,-0.022597403,-0.005321151,-0.024420667,-0.039011497,2602
-0.098147859,-0.348045397,-0.029929577,0.175986842,-0.027272727,0.307692308,0.068965517,0.017239034,-0.004300967,-0.002182605,0.023553507,0.004897959,-0.023686229,-0.003719008,-0.038991409,-0.011760118,-0.036846833,-0.028076449,-0.0488103,0.007793181,-0.020316206,-0.012096636,-0.154534871,-0.120840492,3200
0.277326882,0.123896595,0.161971831,0.14375,0.036363636,0.046153846,0.149425287,0.104046243,-0.005296717,-0.012948901,-0.003712238,0.012244898,-0.030801688,-0.068553719,0.003304357,-0.031215312,-0.026406332,-0.001208672,0.041720991,0.103619333,0.120734049,0.122762892,0.302278523,0.25537201,17100
0.243639769,0.257040773,-0.053403756,0.1,0.009090909,0.138461538,-0.885057471,-0.191703502,0.118636409,0.134612328,0.28187404,0.396734694,0.289969313,0.30822314,0.104722688,0.13801638,0.058439687,0.044544608,0.10446545,0.125380292,0.130762281,0.013807617,0.189876926,0.371534294,3900
0.030773633,0.044871795,0.035211268,0.0125,0.027272727,0.046153846,0.045977011,0.069364162,0.025362319,0.00140616,0.001664107,0.011836735,0.014614499,0.02,0.015860912,0.017385174,0.029236793,0.009568655,0.029416558,0.035863619,0.045499718,0.054888273,0.100232842,0.025241179,18800
-0.005670881,0.025641026,0.014084507,0,0.009090909,0,0.022988506,0.005678341,0.028985507,-0.002885685,-0.002304147,-0.006326531,-0.004219409,-0.008264463,0.003812719,-0.007380074,0.009745598,0.015209125,0.019801173,-0.007058824,0,0.015672587,0.00862069,0.014351791,19400
0.011914052,0.015657839,0.014084507,0.00625,0.009090909,0.030769231,0.011494253,0.022917375,0.042482512,0.009953169,0.001024066,-0.003469388,0.010721135,-0.003264463,-0.008845509,0.017385174,-0.003254182,-0.001838189,0.015563885,0.039190708,0.033856578,0.014355131,0.072319548,0.022201665,21600
0.005436762,-0.026376629,0.007042254,0,0.009090909,0,0,0,0.00131372,0,-0.000640041,0.007346939,0,0,-0.004422754,0.004065041,-0.004694836,-0.006622517,0.000570404,0.003327089,-0.002190853,-0.010471204,0.001164209,-0.000422889,20102
0.092789137,0.060529634,0.028169014,0.01875,0,0.015384615,0.011494253,0.023019381,0.030617197,0.037740117,0.019201229,0.003877551,0.013962409,0.007603306,0.003202684,0.008880089,0.005050762,0.01238889,0.054025424,0.091809667,0.069474873,0.069260514,0.078750416,0.187419056,21800
0.479111389,0.121794872,0.049295775,0.025,0.045454545,0.092307692,0.137931034,0.264365862,-0.055552766,-0.073181468,0.006016385,0.081632653,-0.003490602,0.052933884,0.06613797,0.121816218,0.064185353,0.188049253,0.096153846,0.305537655,0.210660644,0.303117408,0.557683779,0.531016255,14802
-0.019249779,-0.023749475,0.227112676,-0.014144737,0.027272727,-0.215384615,-0.316091954,-0.043522611,0.010384242,-0.044948217,-0.01702509,0.135918367,0.077694668,0.012438017,0.1118906,-0.061620616,0.009287978,0.13126684,0.024690352,0.132349194,0.080271033,0.108048455,0.01945892,-0.092903396,8700
-0.182508714,-0.168453132,0.088028169,-0.193421053,-0.454545455,0.030769231,-0.004597701,0.114178851,0.106302507,-0.012686011,0.147849462,0.234285714,0.130264672,0.132933884,0.00828631,-0.088635886,0.056236335,0.131140936,-0.01148957,0.09814912,-0.001061547,-0.009564384,-0.136323317,-0.077282939,9100
0.0950783,0.008301807,0.017018779,-0.163157895,0.154545455,-0.246153846,-0.273563218,-0.112478749,0.004727717,-0.186505753,-0.154633897,0.062857143,-0.240084388,-0.065247934,-0.023740532,-0.019785198,-0.051405908,-0.035026314,-0.000325945,0.011539903,0.106527386,0.093453786,0.1047788,0.178696974,5200
-0.106237969,-0.043610761,-0.234741784,-0.154276316,0.1,0.107692308,0.026436782,0.027779667,0.003497674,-0.063411711,-0.07296467,0.039795918,-0.04535865,0.073595041,-0.092369478,-0.066120661,-0.034406197,0.059879636,0.058507171,0.196163357,0.103896104,0.104335626,-0.078390065,-0.088410202,5400
0.147260808,-0.074295923,0.155516432,0.03125,-0.036363636,0.061538462,0.298850575,0.1033322,0.020023764,0.01754032,0.094726062,0.124693878,-0.080111239,-0.037272727,0.048091099,0.029130291,-0.070846257,-0.048422431,0.038461538,0.060052454,0.11068323,0.095147658,0.125568245,0.216016916,15700
0.269913116,0.015552753,0.078051643,-0.033881579,-0.063636364,0.061538462,0.091954023,0.131213873,0.047611875,-0.071439052,0.054403482,0.106122449,-0.23296893,-0.149504132,-0.03055259,-0.032475325,-0.050643209,-0.013950092,0.078878748,0.159205695,0.06217956,0.045426548,0.190154119,0.337676754,15300
-0.032178347,0.00136612,-0.034624413,0.0125,0.018181818,0.015384615,0.103448276,0.039952397,-0.004978746,0.004145116,0.010112647,0.017755102,-0.06814346,-0.070041322,-0.103705963,-0.087375874,-0.071524211,-0.061314935,-0.02982399,-0.028475084,-0.034624506,-0.060294973,-0.031599956,-0.001955861,15500
0.040840747,0.012820513,0.021126761,0.0125,0.009090909,0.015384615,0.022988506,0.005576335,0.006568598,-0.011469376,-0.019073221,-0.023469388,0.023379363,-0.002396694,0.027909105,0.006690067,0.014440433,-0.009442752,0.024608866,0.020771825,0.036047431,0.030061938,0.03667258,0.010889388,19701
0.101815722,0.025641026,0.028169014,0.03125,0.009090909,0.030769231,0,-0.000204012,0.00194966,-0.070852133,-0.013696877,-0.034489796,-0.016532413,0.03714876,-0.00366021,0.043650437,0.015508212,0.06378264,0.10976206,0.137085051,0.106166008,0.164699038,0.1347156,0.150019823,20101
0.044196452,0.044871795,0.021126761,-0.033881579,0,0.015384615,0,0.005780347,0.002627439,-0.053684751,-0.040066564,-0.032857143,-0.010049866,0.014545455,-0.022113772,0.003750038,0.041507771,0.06378264,0.05630704,0.109254402,0.094737436,0.118947404,0.071155339,0.031743095,20300
0.038525571,0.025641026,0.007042254,0,0.009090909,-0.2,0.011494253,0.023121387,0.022057101,0.008473644,0.017921147,0.017959184,0.015592635,0.000206612,0.007422093,0.014820148,0.023101303,0.019993453,0.035365059,0.063004871,0.058475438,0.040516032,0.105638097,0.089150258,20701
0.527235836,0.163093737,0.098591549,0.03125,0.081818182,0.030769231,0.06091954,0.080516831,0.019705794,-0.02726728,-0.02406554,0.054693878,-0.084023782,-0.078801653,-0.061359361,0.008745087,0.056982085,0.148792587,0.137304433,0.263424504,0.202111801,0.317455429,0.490159663,0.589692084,16700
-0.006711409,0.012820513,0,0,0,0,0.011494253,0,0,0.002849003,0,0,0,0,-0.004219409,0,0.007220217,0.003802281,0,0.006369427,-0.001976285,-0.002617801,-0.001025613,0,23200
-0.023489933,0,0,0,0.018181818,0,0,0.005780347,-0.002309469,0.005698006,0,-0.002857143,0,0.005,0.004016064,0,0,0.003802281,0,0.006369427,-0.001976285,0.013071895,-0.004241047,0.005656138,25900
0,0,0,0,0,0,0,-0.005882353,0.007246377,0,0,0,0,0,0,0.004065041,0,0,-0.004237288,0.012738854,0.005714286,-0.005235602,-0.012861736,-0.006079027,22102
-0.006711409,0.012820513,0.021126761,0,0.009090909,0,0.011494253,0.005780347,0.007246377,0,0.003968254,0,0.004545455,0.005,0,0.012195122,0,0,0.000570404,0.006369427,-0.000214568,-0.013089005,-0.009646302,-0.006501916,23000
0.027652047,-0.009983186,0,0,0.009090909,0.015384615,0,0,0,0,0.00563236,0.010204082,0.004545455,-0.004132231,0,-0.003690037,0,0,0.009615385,0.01910828,0,0.006535948,0,0.028703581,25300
0.004396233,-0.00357293,-0.041666667,0.00625,0.009090909,0,0,0,0,0,0,0,0.000326045,0,-0.008438819,0,0.003610108,0.003802281,0,0.006369427,0.003738001,0.010454094,0,-0.009118541,27100
0.003121586,-0.009983186,0,0,0,0,0,0,0,-0.004291845,-0.002304147,0,0,0,0,0,0,0.000982046,0,-0.002352941,-0.002405421,-0.002617801,0.002189821,0.010889388,27300
-0.006711409,0.006410256,0,0,0.009090909,0,0,0,0,0,-0.002304147,0,0,0,0,-0.003690037,0,0,0.004807692,-0.002352941,-0.003952569,-0.005235602,-0.012861736,-0.006079027,29500
-0.003355705,0.006410256,0,0,0,0,0,0,0,-0.002145923,0,0,-0.004219409,0,0,-0.003690037,0,0,0,0,0,0,0,-0.003039514,29700
-0.027365902,-0.229823455,0.021713615,0.133223684,0.018181818,0.246153846,-0.254022989,-0.00132608,0.027629949,-0.0059181,-0.008832565,-0.009183673,-0.015861143,-0.030743802,-0.038635555,-0.049290493,-0.086354469,0.038778234,-0.141052803,0.039730236,0.010886505,0.026776854,-0.208975496,0.140610546,4000
-0.221736642,-0.216897856,-0.087441315,0.134868421,-0.027272727,0.338461538,-0.181609195,0.003740224,-0.016927737,-0.038106942,-0.048387097,0.010408163,-0.090199463,0.004504132,-0.063341975,-0.061110611,-0.125353808,-0.014579609,-0.06559648,0.032341701,0.005465839,-0.11939226,-0.104861958,-0.225109026,4800
0.16807138,0.156473308,0.075117371,0.044736842,0.027272727,-0.446153846,0.072413793,0.010846651,0.043118452,0.035410782,0.076036866,0.119387755,0.049712313,0.155826446,0.065782116,0.050085501,-0.020626769,0.115428197,0.053129074,0.131090296,0.133845285,0.130308319,0.051613261,0.233989692,4200
-0.095832683,-0.156998739,-0.037558685,-0.194407895,0.054545455,-0.092307692,-0.542528736,0.009928596,-0.035403488,-0.039030116,0.047235023,0.102653061,0.101706943,0.163140496,-0.118906004,-0.041670417,-0.062592159,0.047012313,-0.028438722,0.116043462,0.201603614,-0.08679807,0.06475219,-0.0434254,6100
-0.052650747,-0.057061791,-0.006455399,0.0125,0.009090909,0.030769231,-0.165517241,-0.006086365,0.020701543,-0.003735495,-0.001664107,0.052244898,0.016244726,0.00214876,-0.022520462,-0.033900339,-0.04406705,-0.062296981,-0.078471317,0.012499063,0.012591756,0.039113027,-0.041662047,-0.037742831,6900
0.201888559,0.135981505,0.099178404,0.11875,0.063636364,0.015384615,0.172413793,0.132845971,0.014768886,-0.068113178,-0.108678955,-0.112653061,0.003950901,-0.054214876,0.024808093,-0.011580116,0.022677582,0.050310981,0.118399609,0.199040839,0.167566347,0.307018444,0.290580996,0.285846438,17500
0.157692108,0.027007146,-0.034037559,0.0375,0.018181818,0.046153846,0.126436782,0.080618837,0.028625699,-0.015094824,-0.008704557,-0.004693878,0.042884542,-4.13E-05,-0.021961263,0.070665707,-0.020253894,0.031778007,0.094605606,0.116073436,0.115448899,0.206429867,0.153536977,0.297925202,17900
-0.06287394,0.028163094,-0.044014085,0.035855263,-0.363636364,0.046153846,0.072413793,-0.002448147,0.021655454,-0.025414817,0.089861751,0.108367347,0.091273494,0.059504132,-0.000508363,0.077850779,0.038202742,0.061591922,0.084745763,0.339497939,0.252603049,0.006073983,0.125235614,-0.083441258,6700
0.087768586,-0.009562842,0.186619718,0.119736842,-0.063636364,0.2,-0.016091954,-0.007106426,-0.001715366,0.008253549,0.095238095,0.136530612,0.056540084,0.103636364,-0.050124549,0.002805028,0.027389366,-0.033339209,-0.010511734,0.143544399,0.076792772,-0.046316258,0.03143364,0.080507467,7100
0.183107018,-0.091530055,0.068075117,-0.063157895,-0.036363636,0,-0.073563218,0.085787147,0.04936908,0.043884426,0.123655914,0.199591837,0.026352129,0.101239669,-0.007117076,-0.019710197,-0.044117896,0.00823408,-0.01833442,0.064398651,-0.043805759,-0.01895767,-0.188518683,0.061001718,7300
0.349721659,0.196406053,0.198356808,0.103618421,-0.009090909,0.123076923,0.072413793,0.092451547,0.096604411,-0.087414255,0.022913466,0,-0.104545455,0,0,0,0.042253521,0.324503311,0.245762712,0.398456351,0.223647657,0.336738186,0.272341723,0.507942381,14300
0.30635763,0.061895755,0.036384977,0.05,-0.054545455,-0.123076923,0.16091954,0.219347161,0.018668206,-0.065300857,-0.005248336,-0.015102041,0.101054852,-0.012727273,-0.041533221,0.08598086,0.006762597,0.091028127,0.0410691,0.34363432,0.172298137,0.270266571,0.327807961,0.363340822,17300
0.098225899,-0.020701976,0.077464789,0.0125,0.018181818,0.015384615,0.08045977,0.040462428,0.051360578,0.034114669,0.06656426,0.113877551,0.052608362,0.020413223,0.038127192,0.015945159,0.054863477,0.066602876,0.044735984,0.094447359,0.109474873,0.078380043,0.193009203,0.198308445,19500
0.266219239,0.155947877,0.183098592,0.15,0.081818182,0.169230769,-0.031034483,0.034376063,0.035194297,0.058166123,0.058115719,0.105510204,0.064959724,0.055165289,0.086472472,0.059280593,0.117303097,0.064286254,0.156453716,0.307276133,0.323783173,0.280977312,0.380751746,0.373992335,19900
-0.016778523,0.032051282,0.014084507,0.0125,0,0.030769231,0.011494253,0,0.00163169,-0.010026534,0.00499232,-0.02,-0.008438819,-0.016528926,-0.00040669,-0.010695107,-0.009389671,-0.001838189,-0.029090613,-0.005395279,-0.005928854,-1.71E-05,0.009784899,0.020007929,16200
-0.023854118,-0.195355191,0.017605634,0.117105263,0.145454545,0.261538462,0.103448276,0.02849371,-0.009915654,0.009140041,0.040194572,0.062653061,-0.018162639,0.036280992,-0.027756596,-0.050475505,-0.002203352,0.019389117,0.031779661,-0.037197452,-0.045838509,-0.023679978,-0.022979266,-0.02719704,9700
-0.037745175,-0.060844893,-0.066314554,0.141118421,-0.054545455,-0.230769231,-0.128735632,0.314144849,0.129146166,-0.009427387,0.070916539,0.335714286,0.162734944,0.097933884,0.029535865,-0.009585096,0.03345706,-0.04202654,0.044573012,0.252918696,0.224110672,0.048044349,-0.014275419,-0.019690763,10300
0.029472972,0.120849096,0.177230047,-0.123026316,0.009090909,-0.369230769,-0.708045977,0.028187691,0.078672557,0.013951555,0.169226831,0.23877551,0.131223629,0.149710744,0.081032993,0.027630276,0.0306266,0.043436658,0.034142764,0.150768078,0.325725579,0.138230161,0.194395166,0.147297476,4700
-0.051194007,-0.030159731,0.219483568,-0.005263158,-0.118181818,0.123076923,-0.435632184,0.315878953,0.187200857,-0.072881895,-0.015232975,-0.005510204,-0.033045646,-0.070991736,-0.178130242,-0.101521015,-0.097930544,-0.089139576,-0.088249674,-0.051674785,-0.108989272,-0.109006604,-0.100814946,-0.11359852,7800
0.002965506,-0.060844893,-0.004107981,0.066118421,-0.054545455,-0.107692308,0.018390805,0.022985379,0.222436992,0.053660296,0.186507937,0.216122449,0.102032988,-0.015991736,-0.049209496,-0.051615516,-0.178115625,-0.087653917,-0.269393742,-0.052484076,-0.02499153,-0.144269924,-0.140287172,-0.208061319,8000
0.003901982,0.059583859,-0.169600939,0.051973684,-0.181818182,-0.046153846,-0.616091954,0.073614417,0.099650233,0.029645525,0.14516129,0.353673469,0.384138857,0.326818182,0.130547506,0.083595836,0.12337079,0.069196485,0.15017927,0.624863245,0.463083004,0.365670876,0.152178734,0.189427779,3700
0.022995682,0.247688104,0.10915493,-0.100657895,-0.290909091,-0.384615385,-0.008045977,-0.036212173,0.028901831,-0.064151474,0.111751152,0.178571429,0.065688531,0.103305785,0.029078339,0.121366214,0.055100761,0.035605469,0.114080834,0.488917197,0.394985884,0.192981556,0.029105222,0.238562178,4900
-0.006711409,0,0,0.00625,0,0,0,0,-0.002309469,0,0,-0.005714286,-0.004219409,-0.004132231,-0.004219409,-0.007380074,0,0,0,0,0,-0.002617801,-0.006430868,0,19200
-0.051610218,-0.118327028,-0.041666667,0,0.009090909,0,0.057471264,0.005678341,0.00031797,0.007104166,0.001024066,0.006734694,0.00552359,-0.015661157,-0.038584719,-0.001440014,-0.007949018,-0.004658424,-0.035853977,-0.057159985,-0.003263693,-0.043202272,-0.052472558,-0.04297608,6000
-0.089563498,-0.135456074,0.007042254,0.00625,-0.1,0,0.08045977,0.051717103,0.00847642,-0.022309037,-0.028161802,0.003061224,0.011047181,-0.026983471,-0.081795537,-0.068235682,-0.108710022,-0.124845768,-0.116362451,-0.085799925,-0.057052513,-0.066762482,-0.080385852,-0.055979913,8601
-0.002315176,-0.049180328,0.014084507,0,0.018181818,0.015384615,0,0.01734104,0,-0.003588765,-0.013824885,-0.023469388,-0.016225547,-0.035454545,-0.013268263,-0.042780428,-0.026728361,0.003802281,-0.027949804,0.021745972,-0.004381705,0.003901037,0.009784899,0.010889388,17800
