ct2010,Hour0,Hour1,Hour2,Hour3,Hour4,Hour5,Hour6,Hour7,Hour8,Hour9,Hour10,Hour11,Hour12,Hour13,Hour14,Hour15,Hour16,Hour17,Hour18,Hour19,Hour20,Hour21,Hour22,Hour23
009800,14.0,19.0,16.0,9.0,5.0,5.0,1.0,0.0,0.0,0.0,0.0,1.0,0.0,1.0,2.0,3.0,4.0,4.0,3.0,5.0,2.0,8.0,9.0,11.0
010000,8.0,21.0,12.0,6.0,8.0,5.0,1.0,0.0,0.0,0.0,1.0,1.0,0.0,1.0,3.0,4.0,5.0,4.0,1.0,5.0,5.0,7.0,2.0,8.0
010200,9.0,21.0,17.0,6.0,7.0,5.0,1.0,0.0,0.0,0.0,0.0,1.0,1.0,2.0,3.0,4.0,5.0,6.0,3.0,7.0,5.0,9.0,6.0,9.0
010400,9.0,22.0,13.0,5.0,10.0,3.0,0.0,0.0,0.0,0.0,0.0,1.0,1.0,2.0,4.0,3.0,5.0,4.0,4.0,5.0,6.0,8.0,8.0,9.0
011300,13.0,32.0,18.0,14.0,11.0,6.0,1.0,0.0,0.0,1.0,1.0,1.0,1.0,1.0,4.0,4.0,6.0,4.0,8.0,6.0,8.0,12.0,16.0,12.0
011402,14.0,20.0,12.0,8.0,6.0,5.0,0.0,0.0,0.0,0.0,1.0,0.0,0.0,1.0,2.0,3.0,3.0,3.0,3.0,5.0,4.0,8.0,4.0,9.0
013000,8.0,13.0,7.0,3.0,3.0,3.0,1.0,0.0,0.0,1.0,0.0,0.0,0.0,3.0,1.0,4.0,5.0,2.0,4.0,6.0,2.0,8.0,12.0,8.0
014000,14.0,22.0,13.0,3.0,6.0,4.0,0.0,0.0,0.0,0.0,1.0,0.0,0.0,0.0,2.0,5.0,5.0,3.0,3.0,6.0,7.0,8.0,7.0,8.0
014801,3.0,15.0,5.0,0.0,3.0,1.0,0.0,0.0,0.0,0.0,0.0,0.0,0.0,0.0,0.0,4.0,2.0,0.0,3.0,2.0,3.0,5.0,3.0,7.0
018400,3.0,3.0,4.0,1.0,2.0,0.0,0.0,0.0,0.0,1.0,1.0,0.0,0.0,2.0,0.0,2.0,1.0,1.0,1.0,0.0,2.0,1.0,4.0,4.0
019000,4.0,1.0,2.0,0.0,1.0,0.0,0.0,0.0,0.0,0.0,1.0,0.0,0.0,0.0,0.0,0.0,0.0,0.0,0.0,0.0,1.0,1.0,3.0,1.0
020600,3.0,2.0,2.0,3.0,2.0,0.0,0.0,0.0,0.0,0.0,0.0,0.0,0.0,1.0,0.0,0.0,1.0,1.0,0.0,0.0,1.0,2.0,5.0,3.0
024900,0.0,0.0,1.0,0.0,0.0,0.0,0.0,0.0,0.0,0.0,0.0,0.0,0.0,0.0,0.0,0.0,1.0,0.0,0.0,0.0,0.0,0.0,0.0,0.0
026100,0.0,0.0,3.0,2.0,1.0,3.0,2.0,0.0,0.0,0.0,0.0,0.0,0.0,1.0,0.0,1.0,0.0,1.0,0.0,0.0,0.0,2.0,0.0,1.0
026300,6.0,4.0,15.0,10.0,3.0,4.0,4.0,0.0,0.0,0.0,0.0,0.0,0.0,1.0,0.0,0.0,2.0,0.0,2.0,3.0,2.0,2.0,3.0,6.0
026700,0.0,1.0,0.0,1.0,1.0,0.0,0.0,0.0,0.0,0.0,0.0,0.0,0.0,0.0,0.0,0.0,0.0,0.0,0.0,0.0,0.0,0.0,0.0,0.0
026900,1.0,1.0,2.0,1.0,2.0,4.0,1.0,0.0,0.0,1.0,0.0,0.0,0.0,1.0,0.0,0.0,0.0,0.0,0.0,0.0,0.0,0.0,1.0,2.0
027700,0.0,2.0,1.0,0.0,1.0,0.0,0.0,0.0,0.0,0.0,0.0,0.0,0.0,0.0,0.0,0.0,0.0,0.0,0.0,0.0,0.0,0.0,0.0,1.0
012500,10.0,24.0,7.0,5.0,10.0,1.0,0.0,0.0,0.0,0.0,1.0,1.0,1.0,0.0,4.0,2.0,5.0,3.0,7.0,5.0,6.0,7.0,10.0,11.0
011900,13.0,33.0,16.0,11.0,11.0,5.0,1.0,0.0,0.0,1.0,1.0,1.0,1.0,1.0,4.0,3.0,6.0,4.0,8.0,6.0,7.0,9.0,14.0,11.0
022500,8.0,5.0,11.0,10.0,3.0,1.0,3.0,0.0,0.0,1.0,0.0,0.0,0.0,3.0,0.0,0.0,1.0,1.0,4.0,3.0,3.0,4.0,3.0,7.0
029300,1.0,2.0,1.0,1.0,0.0,1.0,0.0,0.0,0.0,0.0,0.0,0.0,0.0,0.0,0.0,0.0,0.0,1.0,0.0,0.0,1.0,1.0,1.0,0.0
003001,8.0,19.0,6.0,7.0,3.0,6.0,0.0,0.0,0.0,0.0,0.0,0.0,0.0,0.0,0.0,0.0,0.0,0.0,2.0,4.0,3.0,6.0,5.0,5.0
005600,12.0,23.0,11.0,8.0,5.0,0.0,0.0,0.0,0.0,0.0,1.0,1.0,1.0,2.0,3.0,2.0,6.0,6.0,5.0,8.0,6.0,9.0,11.0,11.0
001600,8.0,9.0,5.0,3.0,2.0,1.0,0.0,0.0,0.0,0.0,0.0,0.0,0.0,0.0,0.0,0.0,1.0,0.0,1.0,2.0,1.0,2.0,2.0,0.0
012000,12.0,25.0,13.0,9.0,6.0,5.0,0.0,0.0,0.0,0.0,1.0,0.0,0.0,1.0,2.0,3.0,3.0,2.0,4.0,4.0,4.0,9.0,7.0,8.0
012800,9.0,21.0,14.0,9.0,6.0,5.0,0.0,0.0,0.0,0.0,1.0,0.0,0.0,1.0,1.0,4.0,5.0,3.0,6.0,8.0,5.0,8.0,9.0,9.0
012100,9.0,29.0,19.0,16.0,10.0,7.0,2.0,0.0,0.0,1.0,0.0,1.0,1.0,2.0,2.0,1.0,4.0,0.0,9.0,7.0,7.0,6.0,10.0,8.0
015001,5.0,7.0,6.0,3.0,1.0,0.0,1.0,0.0,0.0,1.0,0.0,0.0,0.0,2.0,0.0,2.0,7.0,4.0,4.0,3.0,4.0,3.0,8.0,5.0
010601,5.0,5.0,8.0,4.0,4.0,1.0,1.0,0.0,0.0,0.0,0.0,0.0,0.0,0.0,1.0,0.0,2.0,4.0,3.0,1.0,3.0,4.0,3.0,7.0
022600,5.0,4.0,0.0,3.0,1.0,0.0,0.0,0.0,0.0,0.0,0.0,0.0,0.0,0.0,0.0,0.0,0.0,1.0,0.0,2.0,0.0,0.0,0.0,0.0
005501,5.0,15.0,12.0,3.0,3.0,4.0,0.0,0.0,0.0,0.0,0.0,1.0,0.0,1.0,0.0,2.0,3.0,2.0,3.0,6.0,9.0,8.0,11.0,4.0
020800,2.0,3.0,0.0,2.0,1.0,1.0,0.0,0.0,0.0,0.0,0.0,0.0,0.0,1.0,0.0,0.0,0.0,0.0,0.0,0.0,0.0,0.0,2.0,2.0
013400,17.0,20.0,14.0,8.0,7.0,5.0,0.0,0.0,0.0,0.0,1.0,0.0,0.0,1.0,0.0,3.0,2.0,6.0,4.0,6.0,8.0,6.0,12.0,11.0
009200,8.0,27.0,9.0,6.0,4.0,3.0,1.0,0.0,0.0,0.0,1.0,1.0,0.0,2.0,3.0,4.0,4.0,4.0,1.0,6.0,4.0,10.0,7.0,6.0
011401,9.0,18.0,10.0,2.0,3.0,3.0,0.0,0.0,0.0,0.0,1.0,0.0,1.0,3.0,2.0,5.0,3.0,3.0,5.0,5.0,3.0,6.0,7.0,7.0
000100,0.0,0.0,0.0,0.0,0.0,0.0,0.0,0.0,0.0,0.0,0.0,0.0,0.0,0.0,0.0,0.0,0.0,0.0,0.0,0.0,0.0,0.0,0.0,0.0
013100,14.0,32.0,16.0,13.0,13.0,6.0,1.0,0.0,0.0,1.0,1.0,1.0,1.0,2.0,4.0,3.0,5.0,3.0,9.0,6.0,8.0,9.0,14.0,13.0
006500,8.0,24.0,17.0,7.0,5.0,5.0,0.0,0.0,0.0,0.0,0.0,0.0,0.0,1.0,2.0,2.0,4.0,4.0,5.0,6.0,8.0,7.0,13.0,4.0
019800,3.0,2.0,4.0,1.0,0.0,0.0,0.0,0.0,0.0,1.0,1.0,0.0,0.0,1.0,0.0,1.0,1.0,2.0,1.0,0.0,2.0,1.0,7.0,2.0
020000,1.0,2.0,1.0,0.0,0.0,0.0,0.0,0.0,0.0,1.0,1.0,0.0,0.0,0.0,0.0,0.0,0.0,1.0,0.0,0.0,0.0,0.0,4.0,0.0
014900,11.0,26.0,16.0,13.0,8.0,4.0,2.0,0.0,0.0,1.0,1.0,0.0,1.0,2.0,1.0,1.0,4.0,5.0,6.0,5.0,6.0,8.0,12.0,16.0
022700,5.0,6.0,5.0,5.0,0.0,2.0,2.0,0.0,0.0,0.0,0.0,0.0,0.0,0.0,0.0,1.0,2.0,2.0,2.0,2.0,0.0,3.0,0.0,3.0
017402,6.0,7.0,3.0,3.0,2.0,1.0,1.0,0.0,0.0,1.0,1.0,0.0,0.0,2.0,0.0,2.0,2.0,3.0,2.0,1.0,3.0,2.0,4.0,5.0
021500,6.0,3.0,4.0,6.0,1.0,0.0,0.0,0.0,0.0,0.0,0.0,0.0,0.0,0.0,1.0,1.0,0.0,2.0,0.0,0.0,0.0,1.0,1.0,2.0
008800,14.0,22.0,18.0,12.0,7.0,6.0,1.0,0.0,0.0,0.0,0.0,0.0,0.0,1.0,2.0,2.0,0.0,6.0,3.0,6.0,3.0,8.0,11.0,11.0
009000,15.0,24.0,17.0,10.0,5.0,4.0,1.0,0.0,0.0,0.0,0.0,1.0,0.0,1.0,2.0,3.0,3.0,4.0,3.0,6.0,2.0,7.0,10.0,11.0
001501,6.0,13.0,4.0,4.0,1.0,2.0,0.0,0.0,0.0,0.0,0.0,1.0,0.0,0.0,0.0,0.0,1.0,0.0,1.0,3.0,1.0,2.0,6.0,1.0
008602,1.0,4.0,7.0,2.0,1.0,0.0,0.0,0.0,0.0,0.0,0.0,0.0,0.0,0.0,1.0,0.0,0.0,3.0,0.0,0.0,1.0,2.0,3.0,4.0
001402,3.0,6.0,2.0,0.0,1.0,1.0,0.0,0.0,0.0,0.0,0.0,0.0,0.0,0.0,0.0,0.0,0.0,0.0,0.0,1.0,1.0,2.0,2.0,0.0
007000,10.0,19.0,14.0,6.0,7.0,5.0,0.0,0.0,0.0,0.0,0.0,0.0,0.0,1.0,1.0,2.0,0.0,5.0,4.0,5.0,3.0,8.0,12.0,13.0
001200,2.0,2.0,2.0,0.0,0.0,0.0,0.0,0.0,0.0,0.0,0.0,0.0,0.0,0.0,0.0,0.0,0.0,0.0,0.0,1.0,1.0,2.0,0.0,0.0
022400,6.0,6.0,4.0,3.0,2.0,1.0,0.0,0.0,0.0,0.0,0.0,0.0,0.0,1.0,1.0,1.0,0.0,2.0,0.0,2.0,0.0,1.0,2.0,2.0
007200,15.0,26.0,15.0,12.0,8.0,5.0,0.0,0.0,0.0,0.0,0.0,0.0,1.0,1.0,3.0,2.0,1.0,3.0,6.0,8.0,3.0,10.0,11.0,13.0
007400,16.0,30.0,16.0,12.0,4.0,4.0,0.0,0.0,0.0,0.0,0.0,1.0,1.0,1.0,3.0,2.0,5.0,3.0,5.0,7.0,5.0,10.0,10.0,12.0
011500,10.0,26.0,19.0,15.0,9.0,7.0,1.0,0.0,0.0,1.0,0.0,1.0,1.0,2.0,2.0,1.0,4.0,1.0,8.0,8.0,7.0,5.0,11.0,8.0
010602,6.0,9.0,10.0,3.0,3.0,0.0,1.0,0.0,0.0,0.0,0.0,0.0,0.0,0.0,1.0,1.0,1.0,4.0,2.0,1.0,4.0,2.0,3.0,8.0
011000,16.0,20.0,19.0,8.0,5.0,5.0,1.0,0.0,0.0,0.0,0.0,0.0,0.0,1.0,0.0,4.0,3.0,4.0,3.0,5.0,6.0,5.0,9.0,13.0
011600,6.0,11.0,9.0,2.0,3.0,0.0,1.0,0.0,0.0,0.0,0.0,0.0,0.0,0.0,1.0,2.0,2.0,4.0,2.0,1.0,4.0,2.0,4.0,8.0
019600,4.0,1.0,3.0,1.0,2.0,1.0,0.0,0.0,0.0,0.0,0.0,0.0,0.0,0.0,0.0,0.0,0.0,0.0,0.0,0.0,1.0,0.0,4.0,2.0
008200,10.0,22.0,16.0,7.0,4.0,3.0,0.0,0.0,0.0,0.0,0.0,1.0,0.0,3.0,4.0,4.0,3.0,5.0,5.0,9.0,4.0,9.0,11.0,12.0
008603,3.0,6.0,8.0,4.0,4.0,0.0,1.0,0.0,0.0,0.0,0.0,0.0,0.0,0.0,0.0,0.0,2.0,3.0,3.0,0.0,1.0,4.0,4.0,7.0
012400,8.0,11.0,8.0,3.0,4.0,0.0,0.0,0.0,0.0,0.0,0.0,0.0,0.0,0.0,3.0,3.0,1.0,6.0,3.0,2.0,5.0,4.0,5.0,8.0
013200,8.0,10.0,5.0,2.0,3.0,0.0,0.0,0.0,0.0,0.0,0.0,0.0,0.0,0.0,2.0,1.0,1.0,6.0,3.0,4.0,3.0,3.0,5.0,7.0
025500,2.0,4.0,7.0,4.0,1.0,0.0,2.0,1.0,0.0,1.0,1.0,1.0,0.0,1.0,0.0,0.0,1.0,1.0,2.0,0.0,1.0,0.0,0.0,1.0
013800,17.0,20.0,13.0,8.0,8.0,4.0,0.0,0.0,0.0,0.0,1.0,0.0,0.0,1.0,2.0,3.0,3.0,6.0,2.0,5.0,8.0,5.0,10.0,11.0
008400,10.0,29.0,13.0,8.0,5.0,3.0,1.0,0.0,0.0,0.0,0.0,1.0,0.0,3.0,3.0,4.0,4.0,5.0,6.0,9.0,4.0,12.0,12.0,13.0
014200,9.0,11.0,8.0,3.0,3.0,1.0,1.0,0.0,0.0,1.0,0.0,0.0,0.0,3.0,1.0,2.0,6.0,2.0,4.0,3.0,4.0,2.0,9.0,7.0
030900,0.0,0.0,0.0,0.0,0.0,0.0,0.0,0.0,0.0,0.0,0.0,0.0,0.0,0.0,0.0,0.0,0.0,0.0,0.0,0.0,0.0,0.0,0.0,0.0
013600,8.0,10.0,5.0,3.0,4.0,1.0,0.0,0.0,0.0,0.0,0.0,0.0,0.0,0.0,2.0,1.0,1.0,6.0,2.0,4.0,4.0,4.0,4.0,10.0
014700,5.0,7.0,8.0,4.0,2.0,3.0,1.0,0.0,0.0,0.0,0.0,0.0,1.0,0.0,0.0,0.0,1.0,0.0,0.0,3.0,2.0,1.0,3.0,1.0
015100,8.0,11.0,9.0,5.0,3.0,4.0,1.0,0.0,0.0,1.0,0.0,0.0,1.0,0.0,1.0,0.0,1.0,1.0,1.0,2.0,4.0,1.0,5.0,1.0
022900,9.0,6.0,11.0,9.0,2.0,1.0,3.0,0.0,0.0,1.0,0.0,0.0,0.0,3.0,0.0,0.0,1.0,0.0,4.0,3.0,1.0,3.0,3.0,8.0
023300,6.0,6.0,11.0,8.0,2.0,1.0,3.0,0.0,0.0,1.0,0.0,0.0,0.0,3.0,0.0,0.0,1.0,0.0,3.0,2.0,1.0,2.0,3.0,7.0
022000,9.0,11.0,12.0,5.0,4.0,4.0,1.0,0.0,0.0,0.0,1.0,0.0,0.0,1.0,1.0,1.0,0.0,3.0,2.0,2.0,3.0,3.0,4.0,2.0
003100,6.0,12.0,8.0,4.0,3.0,3.0,0.0,0.0,0.0,0.0,0.0,1.0,0.0,1.0,0.0,0.0,2.0,1.0,2.0,1.0,5.0,5.0,6.0,3.0
016400,9.0,7.0,4.0,4.0,7.0,1.0,0.0,0.0,0.0,0.0,0.0,0.0,0.0,1.0,0.0,0.0,1.0,3.0,0.0,1.0,2.0,2.0,5.0,5.0
015802,8.0,12.0,7.0,5.0,7.0,2.0,0.0,0.0,0.0,0.0,1.0,0.0,0.0,1.0,0.0,1.0,1.0,2.0,1.0,1.0,2.0,4.0,5.0,9.0
018000,4.0,5.0,2.0,2.0,3.0,1.0,0.0,0.0,0.0,0.0,0.0,0.0,0.0,0.0,0.0,0.0,1.0,1.0,0.0,1.0,1.0,0.0,5.0,3.0
018200,3.0,2.0,3.0,1.0,3.0,1.0,0.0,0.0,0.0,0.0,0.0,0.0,0.0,0.0,0.0,0.0,0.0,0.0,0.0,0.0,0.0,0.0,2.0,3.0
002201,2.0,4.0,3.0,1.0,1.0,2.0,0.0,0.0,0.0,0.0,0.0,0.0,0.0,0.0,0.0,0.0,0.0,0.0,0.0,2.0,0.0,2.0,1.0,1.0
002202,4.0,5.0,5.0,1.0,1.0,5.0,0.0,0.0,0.0,0.0,0.0,0.0,0.0,0.0,0.0,0.0,0.0,0.0,1.0,2.0,2.0,3.0,0.0,4.0
020901,7.0,12.0,11.0,7.0,3.0,5.0,2.0,0.0,0.0,1.0,1.0,0.0,0.0,2.0,0.0,0.0,1.0,3.0,3.0,0.0,3.0,5.0,3.0,7.0
005800,10.0,23.0,15.0,8.0,5.0,1.0,0.0,0.0,0.0,0.0,1.0,1.0,1.0,1.0,4.0,3.0,5.0,7.0,5.0,5.0,6.0,10.0,9.0,12.0
008900,6.0,21.0,14.0,13.0,7.0,7.0,0.0,0.0,0.0,0.0,0.0,1.0,0.0,1.0,2.0,3.0,2.0,2.0,6.0,8.0,7.0,5.0,9.0,4.0
009300,3.0,17.0,9.0,10.0,4.0,3.0,0.0,0.0,0.0,1.0,0.0,0.0,0.0,2.0,3.0,1.0,3.0,0.0,5.0,6.0,7.0,4.0,7.0,3.0
011100,9.0,24.0,17.0,16.0,8.0,8.0,1.0,0.0,0.0,1.0,0.0,1.0,0.0,1.0,3.0,2.0,4.0,3.0,7.0,9.0,9.0,5.0,11.0,7.0
022301,7.0,6.0,11.0,11.0,4.0,1.0,3.0,0.0,0.0,1.0,0.0,0.0,0.0,3.0,0.0,1.0,1.0,0.0,4.0,2.0,3.0,4.0,3.0,7.0
019300,7.0,17.0,14.0,8.0,3.0,5.0,1.0,0.0,0.0,0.0,1.0,0.0,0.0,1.0,0.0,2.0,1.0,2.0,2.0,0.0,3.0,5.0,3.0,11.0
007500,2.0,10.0,2.0,3.0,0.0,2.0,0.0,0.0,0.0,0.0,0.0,0.0,0.0,2.0,0.0,0.0,0.0,0.0,4.0,4.0,1.0,4.0,3.0,1.0
023400,1.0,2.0,0.0,3.0,1.0,1.0,0.0,0.0,0.0,0.0,0.0,0.0,0.0,0.0,1.0,0.0,0.0,1.0,0.0,2.0,0.0,0.0,0.0,0.0
021400,1.0,2.0,1.0,0.0,1.0,1.0,0.0,0.0,0.0,0.0,0.0,0.0,0.0,0.0,0.0,0.0,1.0,1.0,0.0,0.0,1.0,2.0,4.0,1.0
008300,5.0,15.0,6.0,9.0,4.0,4.0,0.0,0.0,0.0,0.0,0.0,0.0,0.0,1.0,2.0,0.0,1.0,3.0,5.0,8.0,5.0,4.0,6.0,5.0
030700,0.0,1.0,0.0,0.0,0.0,0.0,0.0,0.0,0.0,0.0,0.0,0.0,0.0,0.0,0.0,0.0,0.0,0.0,0.0,0.0,0.0,0.0,0.0,0.0
001800,13.0,21.0,11.0,5.0,4.0,5.0,0.0,0.0,0.0,0.0,0.0,0.0,0.0,0.0,0.0,0.0,1.0,1.0,4.0,4.0,3.0,4.0,10.0,3.0
004100,13.0,17.0,12.0,7.0,4.0,3.0,0.0,0.0,0.0,0.0,0.0,0.0,0.0,0.0,0.0,0.0,0.0,1.0,3.0,5.0,3.0,3.0,8.0,3.0
010800,18.0,19.0,17.0,11.0,6.0,5.0,1.0,0.0,0.0,0.0,0.0,1.0,0.0,2.0,1.0,4.0,4.0,5.0,3.0,6.0,4.0,9.0,9.0,12.0
011203,11.0,18.0,11.0,11.0,6.0,5.0,0.0,0.0,0.0,0.0,1.0,1.0,0.0,1.0,2.0,3.0,2.0,3.0,2.0,7.0,3.0,8.0,5.0,8.0
009400,5.0,22.0,10.0,7.0,5.0,3.0,1.0,0.0,0.0,0.0,0.0,1.0,1.0,2.0,3.0,4.0,2.0,5.0,4.0,7.0,4.0,6.0,8.0,8.0
009600,8.0,24.0,10.0,6.0,7.0,2.0,1.0,0.0,0.0,0.0,0.0,1.0,1.0,2.0,3.0,4.0,4.0,6.0,5.0,8.0,6.0,8.0,11.0,13.0
011201,8.0,11.0,8.0,3.0,3.0,1.0,0.0,0.0,0.0,0.0,0.0,1.0,1.0,1.0,2.0,5.0,3.0,2.0,1.0,4.0,1.0,4.0,5.0,4.0
011202,7.0,12.0,8.0,6.0,2.0,3.0,0.0,0.0,0.0,0.0,1.0,1.0,1.0,2.0,2.0,4.0,3.0,4.0,1.0,6.0,2.0,7.0,8.0,3.0
010900,12.0,30.0,13.0,8.0,6.0,3.0,1.0,0.0,0.0,0.0,1.0,1.0,1.0,0.0,3.0,3.0,4.0,6.0,6.0,6.0,6.0,11.0,9.0,11.0
024000,0.0,0.0,0.0,0.0,0.0,0.0,0.0,0.0,0.0,0.0,0.0,0.0,0.0,0.0,0.0,0.0,0.0,0.0,0.0,0.0,0.0,0.0,0.0,0.0
029100,1.0,1.0,3.0,1.0,0.0,1.0,0.0,0.0,0.0,0.0,0.0,0.0,0.0,0.0,0.0,0.0,0.0,0.0,0.0,0.0,0.0,1.0,0.0,1.0
028300,2.0,3.0,8.0,4.0,3.0,3.0,2.0,0.0,0.0,0.0,0.0,0.0,0.0,0.0,0.0,0.0,1.0,0.0,1.0,1.0,1.0,1.0,3.0,3.0
028500,3.0,3.0,7.0,4.0,3.0,3.0,1.0,0.0,0.0,0.0,0.0,0.0,0.0,0.0,0.0,0.0,0.0,0.0,1.0,0.0,1.0,2.0,2.0,2.0
016002,6.0,8.0,4.0,4.0,4.0,1.0,1.0,0.0,0.0,1.0,1.0,0.0,0.0,1.0,0.0,3.0,4.0,4.0,3.0,0.0,2.0,2.0,6.0,6.0
018600,8.0,8.0,2.0,3.0,2.0,1.0,1.0,0.0,0.0,0.0,1.0,0.0,0.0,1.0,0.0,2.0,1.0,2.0,2.0,2.0,2.0,3.0,3.0,5.0
012200,8.0,14.0,7.0,3.0,3.0,2.0,0.0,0.0,0.0,1.0,1.0,0.0,0.0,3.0,2.0,3.0,4.0,4.0,6.0,6.0,4.0,6.0,10.0,8.0
018300,9.0,19.0,16.0,12.0,4.0,5.0,3.0,0.0,0.0,1.0,0.0,0.0,0.0,2.0,0.0,1.0,2.0,4.0,5.0,1.0,5.0,7.0,4.0,9.0
015002,7.0,10.0,5.0,3.0,3.0,1.0,1.0,0.0,0.0,1.0,1.0,0.0,0.0,1.0,0.0,4.0,6.0,3.0,3.0,2.0,4.0,3.0,8.0,7.0
016001,6.0,8.0,4.0,2.0,3.0,1.0,1.0,0.0,0.0,1.0,1.0,0.0,0.0,1.0,0.0,3.0,5.0,3.0,2.0,0.0,3.0,2.0,8.0,6.0
017200,9.0,8.0,6.0,4.0,5.0,2.0,0.0,0.0,0.0,0.0,0.0,0.0,0.0,1.0,0.0,1.0,1.0,1.0,3.0,2.0,1.0,3.0,4.0,7.0
007900,4.0,17.0,7.0,10.0,5.0,4.0,0.0,0.0,0.0,0.0,0.0,0.0,0.0,1.0,1.0,0.0,2.0,3.0,5.0,8.0,5.0,4.0,8.0,5.0
016900,7.0,25.0,12.0,8.0,4.0,6.0,1.0,0.0,0.0,1.0,1.0,0.0,0.0,2.0,1.0,1.0,5.0,4.0,4.0,1.0,5.0,6.0,5.0,13.0
015900,14.0,18.0,17.0,12.0,5.0,5.0,3.0,0.0,0.0,1.0,0.0,0.0,1.0,1.0,1.0,1.0,2.0,3.0,3.0,3.0,7.0,4.0,6.0,10.0
017401,8.0,10.0,4.0,4.0,3.0,1.0,1.0,0.0,0.0,1.0,1.0,0.0,0.0,1.0,0.0,3.0,2.0,2.0,3.0,1.0,3.0,3.0,5.0,6.0
017000,6.0,5.0,4.0,2.0,3.0,1.0,0.0,0.0,0.0,0.0,0.0,0.0,0.0,1.0,0.0,0.0,1.0,2.0,0.0,1.0,2.0,0.0,5.0,4.0
016600,9.0,9.0,5.0,4.0,7.0,2.0,0.0,0.0,0.0,0.0,0.0,0.0,0.0,1.0,0.0,2.0,0.0,2.0,2.0,1.0,2.0,4.0,5.0,8.0
024500,6.0,8.0,16.0,12.0,3.0,6.0,5.0,0.0,0.0,1.0,0.0,0.0,0.0,1.0,0.0,0.0,3.0,1.0,2.0,3.0,1.0,4.0,3.0,6.0
024700,4.0,2.0,7.0,4.0,0.0,0.0,1.0,0.0,0.0,1.0,0.0,0.0,0.0,3.0,0.0,0.0,1.0,1.0,2.0,2.0,1.0,1.0,2.0,5.0
016500,10.0,26.0,12.0,8.0,6.0,6.0,1.0,0.0,0.0,1.0,1.0,0.0,1.0,1.0,1.0,2.0,5.0,3.0,4.0,1.0,5.0,7.0,6.0,11.0
002100,8.0,18.0,7.0,6.0,1.0,4.0,0.0,0.0,0.0,0.0,0.0,1.0,0.0,1.0,1.0,0.0,3.0,0.0,2.0,4.0,5.0,8.0,6.0,5.0
010100,9.0,23.0,11.0,10.0,5.0,3.0,0.0,0.0,0.0,0.0,1.0,1.0,1.0,0.0,3.0,4.0,4.0,5.0,7.0,5.0,5.0,8.0,9.0,12.0
015601,6.0,5.0,4.0,3.0,2.0,0.0,0.0,0.0,0.0,0.0,0.0,0.0,0.0,1.0,0.0,0.0,1.0,2.0,0.0,1.0,2.0,1.0,2.0,3.0
015602,7.0,5.0,4.0,4.0,3.0,0.0,0.0,0.0,0.0,0.0,0.0,0.0,0.0,1.0,0.0,0.0,1.0,4.0,0.0,1.0,2.0,0.0,3.0,3.0
023100,3.0,7.0,10.0,6.0,1.0,5.0,2.0,0.0,0.0,0.0,0.0,0.0,0.0,0.0,0.0,1.0,2.0,1.0,2.0,3.0,1.0,3.0,0.0,5.0
023501,3.0,6.0,10.0,7.0,1.0,5.0,2.0,0.0,0.0,0.0,0.0,0.0,0.0,0.0,0.0,1.0,2.0,1.0,0.0,2.0,1.0,3.0,0.0,4.0
014601,12.0,17.0,10.0,5.0,7.0,2.0,0.0,0.0,0.0,0.0,1.0,0.0,0.0,1.0,0.0,3.0,2.0,2.0,1.0,2.0,5.0,4.0,6.0,10.0
014602,13.0,16.0,9.0,7.0,8.0,3.0,0.0,0.0,0.0,0.0,1.0,0.0,0.0,1.0,0.0,2.0,3.0,5.0,1.0,0.0,6.0,4.0,4.0,11.0
021200,4.0,3.0,0.0,3.0,2.0,1.0,0.0,0.0,0.0,0.0,0.0,0.0,0.0,0.0,0.0,0.0,0.0,0.0,0.0,0.0,0.0,0.0,2.0,0.0
021100,7.0,7.0,9.0,9.0,4.0,1.0,3.0,0.0,0.0,1.0,0.0,0.0,0.0,2.0,0.0,0.0,1.0,0.0,4.0,2.0,4.0,4.0,4.0,5.0
002400,1.0,3.0,0.0,0.0,0.0,0.0,0.0,0.0,0.0,0.0,0.0,0.0,0.0,0.0,0.0,0.0,0.0,0.0,1.0,0.0,0.0,0.0,0.0,2.0
004400,1.0,4.0,5.0,2.0,1.0,2.0,0.0,0.0,0.0,0.0,0.0,0.0,0.0,0.0,0.0,0.0,0.0,3.0,1.0,0.0,1.0,0.0,0.0,2.0
001502,7.0,15.0,7.0,6.0,0.0,2.0,0.0,0.0,0.0,0.0,0.0,1.0,0.0,0.0,0.0,0.0,3.0,0.0,1.0,3.0,4.0,4.0,7.0,3.0
000700,7.0,12.0,6.0,4.0,0.0,2.0,0.0,0.0,0.0,0.0,0.0,1.0,0.0,0.0,0.0,0.0,2.0,0.0,0.0,2.0,2.0,3.0,4.0,2.0
021900,7.0,7.0,10.0,12.0,4.0,1.0,3.0,0.0,0.0,1.0,0.0,0.0,0.0,3.0,0.0,0.0,1.0,0.0,4.0,2.0,3.0,4.0,3.0,6.0
022302,6.0,0.0,4.0,2.0,2.0,0.0,0.0,0.0,0.0,1.0,0.0,0.0,0.0,3.0,0.0,0.0,1.0,0.0,4.0,2.0,2.0,3.0,2.0,5.0
023801,0.0,0.0,0.0,0.0,0.0,0.0,0.0,0.0,0.0,0.0,0.0,0.0,0.0,0.0,0.0,0.0,0.0,0.0,0.0,0.0,0.0,0.0,0.0,0.0
023802,0.0,0.0,0.0,0.0,0.0,0.0,0.0,0.0,0.0,0.0,0.0,0.0,0.0,0.0,0.0,0.0,0.0,0.0,0.0,0.0,0.0,0.0,0.0,0.0
027900,3.0,4.0,10.0,4.0,4.0,3.0,2.0,0.0,0.0,0.0,0.0,0.0,0.0,0.0,0.0,0.0,1.0,0.0,1.0,1.0,1.0,1.0,3.0,5.0
013500,6.0,15.0,11.0,4.0,4.0,4.0,1.0,0.0,0.0,1.0,0.0,1.0,1.0,0.0,1.0,0.0,1.0,0.0,1.0,4.0,3.0,1.0,4.0,2.0
013900,12.0,30.0,18.0,12.0,7.0,8.0,2.0,0.0,0.0,1.0,0.0,0.0,1.0,2.0,3.0,3.0,5.0,0.0,6.0,5.0,6.0,8.0,9.0,8.0
000500,0.0,0.0,0.0,0.0,0.0,0.0,0.0,0.0,0.0,0.0,0.0,0.0,0.0,0.0,0.0,0.0,0.0,0.0,0.0,0.0,0.0,0.0,0.0,0.0
031703,2.0,3.0,1.0,0.0,0.0,0.0,0.0,0.0,0.0,0.0,0.0,0.0,0.0,1.0,0.0,0.0,1.0,0.0,1.0,1.0,0.0,2.0,1.0,2.0
016300,11.0,10.0,12.0,9.0,4.0,3.0,2.0,0.0,0.0,1.0,0.0,0.0,1.0,1.0,1.0,1.0,2.0,3.0,2.0,3.0,5.0,2.0,4.0,6.0
013300,11.0,31.0,16.0,13.0,9.0,8.0,2.0,0.0,0.0,1.0,0.0,1.0,1.0,2.0,2.0,1.0,2.0,0.0,7.0,5.0,6.0,8.0,8.0,8.0
020500,5.0,3.0,4.0,1.0,2.0,0.0,0.0,0.0,0.0,1.0,0.0,0.0,0.0,2.0,0.0,0.0,1.0,0.0,4.0,2.0,2.0,3.0,3.0,5.0
012700,11.0,29.0,18.0,16.0,10.0,8.0,2.0,0.0,0.0,1.0,0.0,0.0,1.0,1.0,2.0,1.0,2.0,0.0,8.0,4.0,6.0,7.0,9.0,6.0
012900,5.0,11.0,9.0,5.0,2.0,2.0,1.0,0.0,0.0,1.0,0.0,1.0,1.0,0.0,1.0,0.0,2.0,0.0,2.0,3.0,4.0,1.0,2.0,3.0
007600,16.0,31.0,15.0,10.0,4.0,2.0,0.0,0.0,0.0,0.0,1.0,1.0,1.0,1.0,4.0,3.0,4.0,6.0,5.0,5.0,6.0,11.0,11.0,14.0
009500,7.0,22.0,19.0,11.0,8.0,6.0,0.0,0.0,0.0,1.0,0.0,1.0,0.0,0.0,3.0,5.0,6.0,5.0,5.0,9.0,6.0,10.0,11.0,8.0
018900,6.0,19.0,14.0,8.0,4.0,5.0,1.0,0.0,0.0,0.0,1.0,0.0,0.0,1.0,0.0,2.0,2.0,2.0,2.0,0.0,2.0,4.0,4.0,9.0
022800,5.0,3.0,3.0,5.0,3.0,0.0,0.0,0.0,0.0,0.0,0.0,0.0,0.0,0.0,1.0,1.0,0.0,2.0,0.0,2.0,0.0,0.0,0.0,0.0
003601,7.0,13.0,8.0,5.0,0.0,4.0,0.0,0.0,0.0,0.0,0.0,0.0,0.0,0.0,0.0,0.0,1.0,0.0,4.0,5.0,3.0,4.0,8.0,5.0
004300,10.0,18.0,13.0,6.0,3.0,2.0,0.0,0.0,0.0,0.0,0.0,1.0,0.0,1.0,1.0,1.0,2.0,1.0,3.0,8.0,10.0,8.0,10.0,7.0
005900,5.0,14.0,10.0,4.0,3.0,5.0,0.0,0.0,0.0,0.0,0.0,1.0,0.0,1.0,1.0,2.0,3.0,3.0,4.0,5.0,7.0,7.0,9.0,6.0
002800,1.0,6.0,6.0,1.0,1.0,3.0,0.0,0.0,0.0,0.0,0.0,0.0,0.0,0.0,0.0,0.0,0.0,3.0,1.0,2.0,2.0,0.0,1.0,3.0
016100,7.0,23.0,12.0,7.0,6.0,5.0,1.0,0.0,0.0,1.0,1.0,0.0,1.0,0.0,0.0,1.0,4.0,3.0,4.0,2.0,6.0,6.0,7.0,9.0
023502,0.0,2.0,1.0,2.0,1.0,1.0,0.0,0.0,0.0,0.0,0.0,0.0,0.0,0.0,1.0,0.0,0.0,1.0,0.0,1.0,0.0,0.0,0.0,1.0
023600,1.0,2.0,1.0,4.0,1.0,1.0,0.0,0.0,0.0,0.0,0.0,0.0,0.0,0.0,1.0,0.0,0.0,1.0,0.0,2.0,0.0,0.0,0.0,1.0
021000,2.0,2.0,1.0,1.0,3.0,1.0,0.0,0.0,0.0,0.0,0.0,0.0,0.0,0.0,0.0,0.0,1.0,1.0,0.0,0.0,1.0,2.0,5.0,3.0
002500,5.0,13.0,4.0,3.0,1.0,1.0,0.0,0.0,0.0,0.0,0.0,0.0,0.0,0.0,0.0,0.0,1.0,0.0,1.0,2.0,1.0,2.0,4.0,0.0
030300,1.0,1.0,1.0,0.0,0.0,0.0,0.0,0.0,0.0,0.0,0.0,0.0,0.0,0.0,0.0,0.0,0.0,1.0,0.0,0.0,1.0,1.0,1.0,0.0
001300,7.0,13.0,5.0,6.0,1.0,3.0,0.0,0.0,0.0,0.0,0.0,1.0,0.0,1.0,1.0,0.0,3.0,0.0,1.0,4.0,3.0,5.0,5.0,5.0
031704,2.0,1.0,0.0,0.0,0.0,0.0,0.0,0.0,0.0,0.0,0.0,0.0,0.0,1.0,0.0,0.0,0.0,0.0,0.0,0.0,1.0,1.0,1.0,1.0
001001,1.0,0.0,0.0,0.0,0.0,0.0,0.0,0.0,0.0,0.0,0.0,0.0,0.0,0.0,0.0,0.0,0.0,0.0,0.0,0.0,0.0,0.0,0.0,0.0
001002,1.0,2.0,1.0,0.0,0.0,0.0,0.0,0.0,0.0,0.0,0.0,0.0,0.0,0.0,0.0,0.0,0.0,0.0,0.0,0.0,0.0,0.0,0.0,0.0
003800,14.0,23.0,16.0,8.0,6.0,6.0,0.0,0.0,0.0,0.0,0.0,0.0,0.0,0.0,1.0,1.0,0.0,2.0,6.0,6.0,8.0,8.0,15.0,8.0
013700,12.0,31.0,17.0,13.0,13.0,4.0,1.0,0.0,0.0,1.0,1.0,1.0,1.0,2.0,3.0,4.0,5.0,5.0,9.0,6.0,9.0,9.0,14.0,14.0
000800,2.0,7.0,2.0,2.0,2.0,2.0,0.0,0.0,0.0,0.0,0.0,0.0,0.0,0.0,0.0,0.0,1.0,0.0,0.0,1.0,1.0,3.0,1.0,1.0
026500,5.0,4.0,11.0,6.0,3.0,2.0,3.0,0.0,1.0,1.0,0.0,0.0,0.0,0.0,0.0,0.0,1.0,1.0,3.0,3.0,2.0,2.0,3.0,4.0
014500,13.0,29.0,20.0,16.0,8.0,8.0,3.0,0.0,0.0,1.0,1.0,0.0,1.0,2.0,1.0,1.0,5.0,4.0,6.0,5.0,7.0,9.0,12.0,15.0
027500,0.0,0.0,0.0,0.0,1.0,1.0,1.0,0.0,0.0,0.0,0.0,0.0,0.0,0.0,0.0,0.0,0.0,0.0,0.0,0.0,0.0,0.0,0.0,0.0
000202,2.0,1.0,0.0,0.0,0.0,0.0,0.0,0.0,0.0,0.0,0.0,0.0,0.0,0.0,0.0,0.0,0.0,0.0,0.0,0.0,1.0,1.0,0.0,0.0
000900,3.0,2.0,4.0,1.0,0.0,1.0,0.0,0.0,0.0,0.0,0.0,0.0,0.0,0.0,0.0,0.0,1.0,0.0,0.0,1.0,2.0,2.0,3.0,0.0
031900,0.0,0.0,1.0,0.0,0.0,0.0,0.0,0.0,0.0,0.0,0.0,0.0,0.0,0.0,0.0,0.0,0.0,0.0,0.0,0.0,1.0,0.0,0.0,0.0
028700,3.0,3.0,4.0,4.0,3.0,2.0,1.0,0.0,0.0,0.0,0.0,0.0,0.0,0.0,0.0,0.0,0.0,0.0,1.0,0.0,1.0,1.0,2.0,2.0
006300,10.0,21.0,15.0,8.0,6.0,4.0,0.0,0.0,0.0,0.0,0.0,0.0,0.0,0.0,2.0,2.0,4.0,4.0,7.0,8.0,9.0,7.0,9.0,6.0
005700,6.0,15.0,10.0,6.0,2.0,5.0,0.0,0.0,0.0,0.0,0.0,1.0,0.0,1.0,2.0,2.0,2.0,2.0,4.0,8.0,7.0,12.0,6.0,9.0
015400,11.0,13.0,8.0,6.0,8.0,1.0,0.0,0.0,0.0,0.0,1.0,0.0,0.0,1.0,0.0,1.0,2.0,5.0,0.0,1.0,4.0,3.0,6.0,10.0
019702,6.0,12.0,9.0,4.0,2.0,2.0,0.0,0.0,0.0,0.0,1.0,0.0,0.0,0.0,0.0,1.0,1.0,1.0,1.0,0.0,2.0,3.0,2.0,7.0
015801,8.0,14.0,9.0,3.0,6.0,2.0,0.0,0.0,0.0,0.0,1.0,0.0,0.0,0.0,0.0,1.0,1.0,2.0,0.0,1.0,2.0,4.0,5.0,11.0
029900,0.0,2.0,3.0,2.0,1.0,2.0,0.0,0.0,0.0,0.0,0.0,0.0,0.0,0.0,0.0,0.0,0.0,1.0,0.0,0.0,1.0,2.0,1.0,1.0
006200,5.0,10.0,8.0,4.0,2.0,2.0,0.0,0.0,0.0,0.0,0.0,0.0,0.0,0.0,1.0,1.0,0.0,4.0,1.0,0.0,2.0,4.0,3.0,7.0
000600,3.0,3.0,0.0,1.0,1.0,1.0,0.0,0.0,0.0,0.0,0.0,0.0,0.0,0.0,0.0,0.0,0.0,0.0,0.0,0.0,0.0,1.0,0.0,1.0
000201,1.0,1.0,0.0,0.0,0.0,0.0,0.0,0.0,0.0,0.0,0.0,0.0,0.0,0.0,0.0,0.0,0.0,0.0,0.0,0.0,0.0,0.0,0.0,0.0
001401,3.0,1.0,0.0,1.0,1.0,2.0,0.0,0.0,0.0,0.0,0.0,0.0,0.0,0.0,0.0,0.0,0.0,0.0,0.0,0.0,0.0,1.0,0.0,1.0
025100,6.0,8.0,16.0,12.0,3.0,6.0,5.0,0.0,0.0,1.0,0.0,0.0,0.0,1.0,0.0,0.0,3.0,1.0,2.0,3.0,2.0,3.0,3.0,6.0
016800,5.0,5.0,1.0,3.0,3.0,0.0,1.0,0.0,0.0,1.0,1.0,0.0,0.0,2.0,0.0,3.0,2.0,3.0,2.0,0.0,3.0,1.0,6.0,3.0
007700,8.0,15.0,12.0,9.0,7.0,5.0,0.0,0.0,0.0,0.0,0.0,1.0,0.0,1.0,1.0,2.0,4.0,3.0,5.0,4.0,9.0,4.0,7.0,4.0
004500,5.0,13.0,12.0,8.0,4.0,3.0,0.0,0.0,0.0,0.0,0.0,1.0,0.0,1.0,0.0,1.0,1.0,1.0,3.0,4.0,7.0,6.0,6.0,5.0
002700,6.0,13.0,4.0,3.0,1.0,2.0,0.0,0.0,0.0,0.0,0.0,0.0,0.0,0.0,0.0,0.0,1.0,0.0,1.0,2.0,1.0,4.0,4.0,1.0
002900,6.0,14.0,6.0,3.0,2.0,2.0,0.0,0.0,0.0,0.0,0.0,1.0,0.0,0.0,0.0,0.0,0.0,0.0,1.0,2.0,0.0,4.0,4.0,2.0
005502,11.0,22.0,14.0,5.0,3.0,4.0,0.0,0.0,0.0,0.0,0.0,1.0,0.0,1.0,2.0,3.0,2.0,2.0,4.0,7.0,9.0,11.0,10.0,8.0
008100,11.0,26.0,16.0,15.0,8.0,7.0,0.0,0.0,0.0,0.0,0.0,1.0,0.0,0.0,3.0,4.0,4.0,3.0,6.0,10.0,11.0,8.0,11.0,6.0
021303,6.0,10.0,10.0,5.0,2.0,5.0,2.0,0.0,0.0,0.0,1.0,0.0,0.0,0.0,0.0,0.0,1.0,2.0,3.0,0.0,2.0,4.0,1.0,4.0
021703,9.0,10.0,10.0,9.0,1.0,5.0,2.0,0.0,0.0,0.0,1.0,0.0,0.0,0.0,0.0,0.0,1.0,2.0,2.0,0.0,2.0,5.0,1.0,5.0
005000,11.0,25.0,15.0,6.0,5.0,6.0,0.0,0.0,0.0,0.0,0.0,0.0,0.0,1.0,1.0,1.0,2.0,3.0,4.0,7.0,7.0,12.0,8.0,11.0
006800,13.0,24.0,14.0,7.0,7.0,3.0,0.0,0.0,0.0,0.0,0.0,1.0,1.0,1.0,1.0,1.0,2.0,5.0,4.0,7.0,3.0,11.0,10.0,14.0
017700,4.0,22.0,13.0,8.0,4.0,7.0,1.0,0.0,0.0,1.0,0.0,0.0,0.0,1.0,0.0,2.0,3.0,2.0,3.0,0.0,1.0,6.0,5.0,9.0
003400,6.0,11.0,10.0,4.0,1.0,5.0,0.0,0.0,0.0,0.0,0.0,0.0,0.0,0.0,1.0,0.0,0.0,4.0,2.0,2.0,3.0,5.0,6.0,5.0
018100,5.0,25.0,14.0,8.0,5.0,7.0,1.0,0.0,0.0,1.0,0.0,0.0,0.0,1.0,0.0,2.0,2.0,3.0,3.0,0.0,2.0,5.0,6.0,8.0
018500,3.0,24.0,14.0,5.0,5.0,7.0,1.0,0.0,0.0,0.0,1.0,0.0,0.0,1.0,0.0,2.0,1.0,3.0,3.0,0.0,2.0,4.0,2.0,4.0
028100,1.0,0.0,2.0,0.0,0.0,0.0,0.0,0.0,0.0,0.0,0.0,0.0,0.0,0.0,0.0,0.0,0.0,0.0,0.0,0.0,0.0,0.0,0.0,0.0
006400,9.0,18.0,16.0,4.0,4.0,4.0,0.0,0.0,0.0,0.0,0.0,0.0,0.0,1.0,1.0,1.0,0.0,4.0,3.0,2.0,3.0,5.0,7.0,8.0
006600,9.0,20.0,15.0,8.0,5.0,5.0,0.0,0.0,0.0,0.0,0.0,0.0,0.0,1.0,1.0,1.0,0.0,5.0,5.0,4.0,3.0,7.0,11.0,14.0
011800,16.0,21.0,17.0,7.0,5.0,5.0,1.0,0.0,0.0,0.0,0.0,0.0,0.0,1.0,1.0,4.0,3.0,4.0,3.0,5.0,6.0,5.0,9.0,12.0
012600,15.0,23.0,16.0,9.0,7.0,5.0,0.0,0.0,0.0,0.0,1.0,0.0,0.0,2.0,2.0,4.0,4.0,6.0,4.0,5.0,7.0,7.0,12.0,11.0
014401,4.0,9.0,3.0,2.0,3.0,1.0,0.0,0.0,0.0,0.0,0.0,0.0,0.0,0.0,0.0,1.0,1.0,5.0,1.0,2.0,3.0,3.0,2.0,8.0
002000,1.0,2.0,1.0,0.0,0.0,0.0,0.0,0.0,0.0,0.0,0.0,0.0,0.0,0.0,0.0,0.0,0.0,0.0,1.0,0.0,0.0,1.0,0.0,1.0
002601,3.0,7.0,4.0,1.0,1.0,4.0,0.0,0.0,0.0,0.0,0.0,0.0,0.0,0.0,0.0,0.0,0.0,0.0,1.0,2.0,2.0,3.0,0.0,3.0
018700,9.0,18.0,16.0,12.0,4.0,5.0,3.0,0.0,0.0,1.0,0.0,0.0,0.0,2.0,0.0,2.0,2.0,4.0,5.0,1.0,4.0,7.0,4.0,10.0
019100,9.0,17.0,15.0,12.0,4.0,4.0,4.0,0.0,0.0,1.0,0.0,0.0,0.0,2.0,0.0,2.0,2.0,3.0,5.0,1.0,4.0,7.0,5.0,10.0
022200,7.0,5.0,5.0,2.0,2.0,1.0,0.0,0.0,0.0,1.0,1.0,0.0,0.0,2.0,1.0,1.0,0.0,3.0,0.0,2.0,0.0,1.0,3.0,2.0
025700,8.0,9.0,13.0,5.0,3.0,3.0,1.0,0.0,0.0,1.0,1.0,0.0,0.0,2.0,1.0,1.0,0.0,3.0,2.0,0.0,3.0,3.0,3.0,4.0
003002,9.0,18.0,8.0,5.0,4.0,7.0,0.0,0.0,0.0,0.0,0.0,0.0,0.0,0.0,0.0,0.0,0.0,0.0,2.0,6.0,3.0,5.0,7.0,5.0
003602,9.0,18.0,11.0,5.0,3.0,6.0,0.0,0.0,0.0,0.0,0.0,0.0,0.0,0.0,0.0,1.0,1.0,1.0,5.0,7.0,3.0,4.0,13.0,6.0
023900,3.0,5.0,9.0,7.0,1.0,5.0,2.0,0.0,0.0,0.0,0.0,0.0,0.0,0.0,0.0,0.0,2.0,1.0,0.0,2.0,1.0,3.0,0.0,2.0
024301,3.0,5.0,7.0,5.0,1.0,5.0,2.0,0.0,0.0,0.0,0.0,0.0,0.0,0.0,0.0,0.0,2.0,0.0,0.0,2.0,1.0,2.0,0.0,2.0
024302,1.0,4.0,2.0,3.0,3.0,2.0,0.0,0.0,0.0,0.0,0.0,0.0,0.0,0.0,1.0,0.0,0.0,1.0,0.0,0.0,1.0,2.0,3.0,3.0
031100,1.0,4.0,5.0,5.0,3.0,2.0,1.0,0.0,0.0,0.0,0.0,0.0,0.0,0.0,1.0,1.0,0.0,1.0,0.0,0.0,2.0,3.0,3.0,3.0
009900,3.0,14.0,9.0,8.0,4.0,4.0,1.0,0.0,0.0,1.0,0.0,1.0,0.0,1.0,3.0,2.0,3.0,0.0,3.0,7.0,5.0,3.0,4.0,4.0
011700,3.0,11.0,6.0,6.0,1.0,3.0,0.0,0.0,0.0,1.0,0.0,1.0,0.0,1.0,1.0,1.0,3.0,0.0,1.0,5.0,5.0,1.0,3.0,2.0
024200,2.0,1.0,0.0,3.0,4.0,1.0,0.0,0.0,0.0,0.0,0.0,0.0,0.0,0.0,0.0,0.0,0.0,0.0,0.0,0.0,1.0,0.0,4.0,3.0
023700,6.0,6.0,10.0,8.0,2.0,1.0,3.0,0.0,0.0,1.0,0.0,0.0,0.0,3.0,0.0,1.0,1.0,0.0,3.0,2.0,1.0,2.0,3.0,7.0
024100,5.0,6.0,9.0,9.0,2.0,1.0,3.0,0.0,0.0,1.0,0.0,0.0,0.0,3.0,0.0,1.0,1.0,1.0,3.0,2.0,1.0,2.0,3.0,6.0
003300,8.0,15.0,11.0,6.0,3.0,4.0,0.0,0.0,0.0,0.0,0.0,1.0,0.0,1.0,1.0,0.0,3.0,1.0,4.0,4.0,8.0,11.0,8.0,8.0
014402,4.0,8.0,2.0,2.0,2.0,0.0,0.0,0.0,0.0,0.0,0.0,0.0,0.0,0.0,0.0,1.0,1.0,5.0,0.0,1.0,2.0,1.0,1.0,7.0
015200,3.0,4.0,2.0,2.0,2.0,0.0,0.0,0.0,0.0,0.0,0.0,0.0,0.0,0.0,0.0,0.0,1.0,5.0,0.0,1.0,2.0,1.0,2.0,5.0
002602,1.0,6.0,5.0,1.0,1.0,3.0,0.0,0.0,0.0,0.0,0.0,0.0,0.0,0.0,0.0,0.0,0.0,0.0,1.0,2.0,2.0,1.0,1.0,2.0
003200,6.0,15.0,7.0,3.0,2.0,6.0,0.0,0.0,0.0,0.0,0.0,0.0,0.0,0.0,0.0,0.0,0.0,1.0,0.0,4.0,3.0,6.0,6.0,3.0
017100,9.0,11.0,11.0,9.0,5.0,3.0,2.0,0.0,0.0,1.0,0.0,0.0,0.0,2.0,1.0,0.0,2.0,4.0,2.0,3.0,5.0,3.0,4.0,9.0
003900,2.0,11.0,6.0,3.0,1.0,2.0,0.0,0.0,0.0,0.0,0.0,1.0,0.0,2.0,0.0,1.0,1.0,0.0,4.0,4.0,7.0,8.0,4.0,4.0
018800,3.0,4.0,2.0,2.0,3.0,1.0,0.0,0.0,0.0,0.0,0.0,0.0,0.0,0.0,0.0,0.0,1.0,0.0,0.0,0.0,1.0,0.0,3.0,1.0
019400,2.0,2.0,0.0,2.0,2.0,1.0,0.0,0.0,0.0,0.0,0.0,0.0,0.0,0.0,0.0,0.0,0.0,0.0,0.0,0.0,1.0,0.0,2.0,1.0
021600,10.0,13.0,9.0,5.0,3.0,4.0,1.0,0.0,0.0,0.0,1.0,0.0,0.0,1.0,1.0,2.0,1.0,3.0,2.0,2.0,4.0,3.0,5.0,6.0
020102,5.0,8.0,8.0,4.0,2.0,2.0,0.0,0.0,0.0,0.0,0.0,0.0,0.0,0.0,0.0,0.0,0.0,1.0,1.0,0.0,1.0,1.0,2.0,3.0
021800,8.0,11.0,9.0,5.0,4.0,4.0,1.0,0.0,0.0,0.0,1.0,0.0,0.0,1.0,1.0,1.0,0.0,3.0,2.0,2.0,4.0,3.0,4.0,4.0
014802,10.0,18.0,10.0,5.0,7.0,3.0,0.0,0.0,0.0,0.0,1.0,0.0,0.0,0.0,0.0,4.0,3.0,3.0,2.0,2.0,5.0,7.0,5.0,9.0
008700,8.0,22.0,12.0,9.0,4.0,5.0,0.0,0.0,0.0,0.0,0.0,0.0,0.0,0.0,2.0,4.0,1.0,3.0,5.0,5.0,6.0,6.0,7.0,4.0
009100,7.0,25.0,20.0,12.0,10.0,6.0,0.0,0.0,0.0,1.0,0.0,1.0,0.0,1.0,3.0,5.0,6.0,4.0,6.0,9.0,10.0,10.0,9.0,8.0
005200,13.0,22.0,11.0,9.0,6.0,3.0,0.0,0.0,0.0,0.0,1.0,1.0,0.0,1.0,3.0,3.0,3.0,5.0,6.0,10.0,8.0,8.0,9.0,10.0
005400,6.0,21.0,11.0,9.0,1.0,2.0,0.0,0.0,0.0,0.0,0.0,0.0,0.0,0.0,3.0,3.0,3.0,5.0,5.0,4.0,6.0,8.0,8.0,7.0
015700,13.0,31.0,19.0,15.0,8.0,7.0,3.0,0.0,0.0,1.0,1.0,0.0,1.0,2.0,1.0,1.0,4.0,5.0,6.0,4.0,8.0,8.0,9.0,15.0
015300,12.0,31.0,19.0,15.0,8.0,7.0,3.0,0.0,0.0,1.0,1.0,0.0,1.0,2.0,1.0,1.0,5.0,5.0,6.0,4.0,8.0,8.0,10.0,15.0
015500,9.0,12.0,8.0,5.0,3.0,4.0,1.0,0.0,0.0,1.0,0.0,0.0,1.0,0.0,1.0,0.0,1.0,1.0,1.0,1.0,6.0,1.0,4.0,1.0
019701,3.0,7.0,5.0,5.0,2.0,2.0,1.0,0.0,0.0,1.0,1.0,0.0,0.0,2.0,0.0,0.0,1.0,2.0,2.0,0.0,1.0,4.0,2.0,6.0
020101,1.0,5.0,4.0,4.0,1.0,2.0,1.0,0.0,0.0,1.0,1.0,0.0,0.0,1.0,0.0,0.0,0.0,2.0,2.0,0.0,1.0,4.0,0.0,5.0
020300,3.0,9.0,8.0,10.0,3.0,3.0,4.0,0.0,0.0,1.0,0.0,0.0,0.0,1.0,0.0,0.0,0.0,1.0,2.0,1.0,3.0,5.0,2.0,4.0
020701,1.0,5.0,4.0,4.0,1.0,2.0,1.0,0.0,0.0,1.0,1.0,0.0,0.0,1.0,0.0,0.0,1.0,2.0,2.0,0.0,1.0,3.0,1.0,3.0
016700,12.0,15.0,16.0,11.0,5.0,5.0,3.0,0.0,0.0,1.0,0.0,0.0,0.0,2.0,1.0,1.0,2.0,2.0,3.0,3.0,7.0,4.0,5.0,6.0
023200,2.0,3.0,1.0,3.0,2.0,1.0,0.0,0.0,0.0,0.0,0.0,0.0,0.0,0.0,1.0,0.0,1.0,2.0,0.0,2.0,0.0,0.0,0.0,0.0
025900,1.0,2.0,2.0,3.0,1.0,0.0,0.0,0.0,0.0,0.0,0.0,0.0,0.0,0.0,1.0,1.0,1.0,2.0,0.0,2.0,0.0,0.0,0.0,1.0
022102,4.0,7.0,9.0,8.0,2.0,3.0,1.0,0.0,0.0,0.0,0.0,0.0,0.0,0.0,1.0,1.0,0.0,2.0,1.0,0.0,1.0,2.0,1.0,2.0
023000,2.0,1.0,1.0,3.0,3.0,1.0,0.0,0.0,0.0,0.0,0.0,0.0,0.0,0.0,1.0,1.0,1.0,2.0,0.0,2.0,0.0,0.0,1.0,0.0
025300,6.0,5.0,16.0,11.0,3.0,6.0,5.0,0.0,0.0,1.0,0.0,0.0,0.0,1.0,0.0,0.0,3.0,0.0,1.0,3.0,2.0,3.0,3.0,6.0
027100,4.0,3.0,11.0,8.0,5.0,5.0,2.0,0.0,0.0,0.0,0.0,0.0,0.0,0.0,0.0,0.0,1.0,0.0,1.0,1.0,1.0,2.0,4.0,6.0
027300,2.0,0.0,4.0,2.0,1.0,0.0,1.0,0.0,0.0,0.0,0.0,0.0,0.0,0.0,0.0,0.0,0.0,0.0,0.0,0.0,1.0,0.0,0.0,0.0
029500,2.0,1.0,2.0,2.0,0.0,0.0,0.0,0.0,0.0,0.0,0.0,0.0,0.0,0.0,0.0,0.0,0.0,0.0,0.0,0.0,1.0,1.0,1.0,1.0
029700,1.0,0.0,1.0,0.0,0.0,0.0,0.0,0.0,0.0,0.0,0.0,0.0,0.0,0.0,0.0,0.0,0.0,0.0,0.0,0.0,0.0,0.0,0.0,0.0
004000,13.0,27.0,18.0,8.0,4.0,7.0,0.0,0.0,0.0,0.0,0.0,0.0,0.0,0.0,1.0,2.0,0.0,6.0,4.0,5.0,8.0,11.0,14.0,13.0
004800,12.0,22.0,15.0,7.0,5.0,7.0,0.0,0.0,0.0,0.0,0.0,0.0,0.0,0.0,1.0,1.0,0.0,5.0,4.0,3.0,4.0,7.0,11.0,13.0
004200,12.0,25.0,15.0,6.0,3.0,5.0,0.0,0.0,0.0,0.0,0.0,0.0,0.0,0.0,2.0,2.0,1.0,5.0,5.0,7.0,8.0,12.0,10.0,10.0
006100,14.0,22.0,12.0,4.0,4.0,4.0,0.0,0.0,0.0,0.0,0.0,1.0,0.0,1.0,2.0,3.0,4.0,5.0,7.0,10.0,9.0,12.0,11.0,8.0
006900,3.0,8.0,1.0,2.0,0.0,2.0,0.0,0.0,0.0,0.0,0.0,0.0,0.0,2.0,0.0,1.0,1.0,0.0,3.0,3.0,1.0,3.0,2.0,1.0
017500,9.0,17.0,16.0,12.0,5.0,6.0,3.0,0.0,0.0,1.0,0.0,0.0,0.0,2.0,0.0,0.0,4.0,4.0,4.0,3.0,7.0,6.0,5.0,11.0
017900,6.0,12.0,11.0,10.0,5.0,3.0,2.0,0.0,0.0,1.0,0.0,0.0,0.0,2.0,0.0,0.0,2.0,4.0,4.0,2.0,4.0,6.0,4.0,7.0
006700,12.0,23.0,16.0,10.0,4.0,8.0,0.0,0.0,0.0,0.0,0.0,1.0,0.0,1.0,2.0,3.0,5.0,3.0,4.0,6.0,11.0,7.0,12.0,6.0
007100,11.0,27.0,18.0,11.0,7.0,8.0,0.0,0.0,0.0,0.0,0.0,0.0,0.0,1.0,2.0,3.0,5.0,3.0,7.0,8.0,10.0,6.0,13.0,5.0
007300,12.0,18.0,9.0,9.0,5.0,7.0,0.0,0.0,0.0,0.0,0.0,1.0,0.0,1.0,1.0,3.0,3.0,1.0,6.0,6.0,9.0,4.0,8.0,4.0
014300,21.0,37.0,25.0,11.0,8.0,6.0,2.0,0.0,0.0,1.0,1.0,0.0,1.0,2.0,3.0,5.0,6.0,5.0,9.0,6.0,7.0,9.0,17.0,14.0
017300,6.0,25.0,14.0,8.0,4.0,7.0,1.0,0.0,0.0,1.0,1.0,0.0,0.0,2.0,0.0,2.0,5.0,4.0,5.0,1.0,4.0,7.0,6.0,11.0
019500,6.0,9.0,9.0,10.0,4.0,1.0,3.0,0.0,0.0,1.0,0.0,0.0,0.0,2.0,0.0,1.0,1.0,3.0,4.0,1.0,4.0,5.0,3.0,6.0
019900,8.0,12.0,12.0,12.0,4.0,3.0,4.0,0.0,0.0,1.0,0.0,0.0,0.0,2.0,0.0,1.0,1.0,1.0,5.0,2.0,4.0,7.0,4.0,7.0
016200,1.0,4.0,2.0,3.0,2.0,0.0,0.0,0.0,0.0,0.0,0.0,0.0,0.0,0.0,0.0,0.0,1.0,4.0,0.0,1.0,1.0,0.0,3.0,3.0
009700,6.0,24.0,17.0,15.0,8.0,7.0,0.0,0.0,0.0,1.0,0.0,1.0,0.0,1.0,3.0,2.0,3.0,1.0,8.0,9.0,6.0,5.0,10.0,4.0
010300,7.0,20.0,18.0,11.0,8.0,5.0,0.0,0.0,0.0,1.0,0.0,1.0,0.0,1.0,2.0,2.0,4.0,1.0,8.0,8.0,6.0,5.0,8.0,5.0
004700,8.0,15.0,11.0,8.0,3.0,3.0,0.0,0.0,0.0,0.0,0.0,1.0,0.0,1.0,2.0,2.0,2.0,1.0,3.0,5.0,9.0,13.0,9.0,9.0
007800,13.0,21.0,18.0,9.0,6.0,6.0,0.0,0.0,0.0,0.0,0.0,0.0,0.0,1.0,2.0,2.0,0.0,5.0,2.0,5.0,3.0,8.0,13.0,13.0
008000,10.0,15.0,9.0,6.0,4.0,0.0,0.0,0.0,0.0,0.0,0.0,0.0,1.0,0.0,4.0,3.0,1.0,1.0,3.0,5.0,2.0,5.0,7.0,7.0
003700,12.0,25.0,14.0,10.0,3.0,6.0,0.0,0.0,0.0,0.0,0.0,1.0,0.0,2.0,1.0,3.0,2.0,1.0,7.0,5.0,10.0,12.0,8.0,8.0
004900,10.0,18.0,8.0,7.0,3.0,2.0,0.0,0.0,0.0,0.0,0.0,0.0,0.0,0.0,2.0,3.0,2.0,1.0,3.0,6.0,10.0,12.0,9.0,7.0
019200,0.0,1.0,0.0,1.0,2.0,0.0,0.0,0.0,0.0,0.0,0.0,0.0,0.0,0.0,0.0,0.0,0.0,0.0,0.0,0.0,0.0,0.0,1.0,1.0
006000,0.0,5.0,6.0,1.0,1.0,0.0,0.0,0.0,0.0,0.0,0.0,0.0,0.0,0.0,0.0,0.0,0.0,3.0,0.0,0.0,1.0,0.0,0.0,2.0
008601,2.0,9.0,7.0,3.0,1.0,2.0,0.0,0.0,0.0,0.0,0.0,0.0,0.0,0.0,2.0,1.0,0.0,4.0,0.0,0.0,1.0,3.0,4.0,5.0
017800,0.0,4.0,1.0,1.0,2.0,0.0,0.0,0.0,0.0,0.0,0.0,0.0,0.0,0.0,0.0,0.0,1.0,0.0,0.0,0.0,0.0,0.0,2.0,0.0
